track_id,lastfm_artist,lastfm_title,lastfm_top_tag,lastfm_top_tag_score,lastfm_tags
TRACCJA128F149A144,João Gilberto,Segredo,Bossa Nova,100.0,Bossa Nova|Joao Gilberto|jazz|acoustic|romantic|I Like It|easy|One of the best|wee hours|Icons of Bossa Nova|refined works|nylon and voice|word: secret|brasil|2000
TRACJWY12903CB7DBF,Kris Kristofferson,Same Old Song,,,
TRACISV12903D13877,Jerry Reed,"When You're Hot, You're Hot",country,100.0,country|comedy|fun|jerry reed|law|70s|Favourites|story songs|country legends|fun ballads|inferior live version|billboard number ones|woo woo|title is a full sentence|rythmic to me|Country  rock|cops and robbers|boogiewoogieflu|HG-Country|summer deck|Radiotsar approved|easy listening|guitar|classic rock|funny|psychobilly|garage|humor|favourite tracks|fun songs|all time favorites|get happy|gambling|poker|Grammy nominated|hot|Favourite Songs|Roadtracks|classic country|drinking games|Nashville|randy pick
TRACIIZ128EF34E497,Justin,Kong,,,
TRACOUL128F425BDE0,The Prodigy,Music Reach (1/2/3/4) (Remastered),,,
TRACRNT128F426FA27,Janet Paschal,God Will Make A Way,,,
TRACYCJ128F9309246,Britney Spears,Don't Go Knockin' on My Door,pop,100.0,pop|Britney Spears|female vocalists|00s|dance|sexy|cool|2000|gotta move|catchy|fun|bubblegum|in love with|Pop Music|nostalgia|teen pop|bubblegum pop|90s|female|american|USA|female vocals|female vocalist|my youth|ls|bs|spears|00s pop|pop female|over it|so britney|britney THE DIVA|00s dance|dysko|AMANDA123|Schulze|i love 90s|the music is relaxing|Yacoub|great memories with my siss|jiab yakk yakk song|mattison|w42|gjamr|I forgot how much I love it|1000 clever lines unread on clever napkins|watch me not care|Mellow|favorites|pop rock|Favorite|smooth|r&b|Queen|good music|dance-pop|break up|loves it|sing along|legend|dance pop|voodoo|90s pop|90s dance|popular|r-n-b|laptop|britney|Fun Music|Oops I Did It Again|electric rock|Good old times|queen of pop|mainstream pop|old pop|pussycat dolls janet jackson
TRACAMK128F4265F0D,Jimmy Witherspoon,I'm Just Wonderin' Part 2,,,
TRACAXH128F931F3CF,The Nelons,Hallelujah,Southern Gospel,100.0,Southern Gospel|Happy Harvest Southern Gospel Music Fan Club|under 2000 listeners
TRACBVI12903D0C406,Jesse Malin and The St. Marks Social,Revelations,,,
TRACNAS128F14567C6,Tom Petty And The Heartbreakers,Mary Jane's Last Dance,classic rock,100.0,classic rock|rock|Tom Petty|80s|90s|singer-songwriter|Southern Rock|harmonica|american|folk rock|tom petty and the heartbreakers|male vocalists|favorites|alternative|mary jane|folk|chill|classic|acoustic|americana|marijuana|70s|hard rock|pop|Awesome|drugs|blues rock|guitar|sexy|rock n roll|memories|Favourites|1994|Favorite|soft rock|heartland rock|country rock|Rock and Roll|favorite songs|barbwire tom petty|Mellow|singer songwriter|petty|indie|blues|Love|My pop music|barbwire ballads|Indiana|barbwire clasic rock|High School Soundtrack|best|melancholy|no matter where i am I MUST SING ALONG|The Beatles|radyo odtu|great video|old favorites|Druggy|Mtv 90s|Tom Petty Mary Janes Last Dance|I like|personal favourites|drinking tunes|favs|invigorating|summer|90s Rock|cool|slgdm|sad|my soundtrack|Driving|IronMan Picks|great|Stoner Rock|old faves|oldies|moody|fun|girls name|silent intensity|Fan-Fucking-Tastic|lets get happy|againagain|Hoosiers|cr music|ioshi|Schmusik|cortez the healer|pohodove|love the sound|rock n roll blues|rock favorites|American Boys|last things|bengrulz|mitsingopfer|Female Names|xxxxxxx
TRACNDP12903CDA658,Papa Wemba,Maria,,,
TRACNYM12903CDF543,Helen Love,Bubblegum,,,
TRACSXC12903CF9525,Chris Farlowe,Gangster Of Love,,,
TRACFZI128E0795424,Saosin,Bury Your Head,post-hardcore,100.0,post-hardcore|emo|screamo|saosin|rock|emocore|hardcore|alternative|post hardcore|alternative rock|Awesome|favorites|Love|punk|Saosin - Bury Your Head|catchy|indie rock|amazing|Favorite|semihard rock|music|heart major|Mosh|Like|favorite songs|anthony green|angry|super|<3|Saosin Bury Your Head|Saocore|loud|thanks from the bottom of my heart|american|ohmyfuckinggod I LOVE THIS SONG|bestoftop4|unknown but interesting|4stars|senior year|not screamo|obv radical|wonderful music|its the only way|love the sound|awesomenessss|Alternative hardcore|screemo|Binocore|post  hardcore|Palace of Askin Hills|the greatest of the greatest|dramatic rock|nice emo songs|ExC|nice melody|hurts to hear|Taste of Chaos 06|love at first sound|post-hxc|lyrical love|must-listen|fucking good|definetly not emo what the fuck are you people on about|Soundslikesextomyears|byh|les favs de louvenoir|subdeep-imperial|TestTag2908|my precious past|bory your head|riktigt mysig|Gud va inspirerad man blev nu|superdave0234|Liederabt|false lyrics|totez gfm|10-5|pos-hardcore|the suburbs i didnt live in|awshum saosin bury ur head|yayayayay|audioase|saosin-amazing|Kevin Himself|Saosin-saw them twice live|SA051N|definetly not emo what the fuck are you people on aboutt|not frequently heard|gangstercore|bury ur head|favees|is this what you call love|in which there are guitars|led to band discovery|sung aloud in empty houses|male vocalist|2006|lost love|wow|sweetness
TRACFZM128F4295740,John Williams,American Journey/IV. Arts and Sports,,,
TRACFBD128F426CC34,James Horner,The President's Speech,,,
TRACFDC128F147F1C6,Las Ketchup,Doble Bombo,pop,100.0,pop
TRACFVO128F9300F29,The Nelons,I've Won (Introduction - Speaking),,,
TRACFXL128F930B28B,Bersuit Vergarabat,Sencillamente,Ciudad Volatil,100.0,Ciudad Volatil|Latin Rock|rock nacional|MALDITOSUDACAS|DanielAreal|arealdaniel|kmem7000|BERSUIT vergarabat- SENSILLAMENTE|favouriteargentina|leve|Bersuit|arg|rock argento|argentina|chilled|yorx|Rock Argentino
TRACFWQ12903CF8148,Les Blaireaux,Le gardien de musée,baguette musicale,100.0,baguette musicale
TRACDSI128F425C0B4,Jo-El Sonnier,Cajun Blood,,,
TRACLDC128F427ADC7,We Show Up On Radar,Red Balloon,,,
TRACLMT12903CA1F5C,Tanto Metro & Devonte,Honey I Sugar Pie,,,
TRACPRG12903CB8E83,Enslavement of Beauty,"Ye That Tempteth, Ye That Bequeth",Symphonic Black Metal,100.0,Symphonic Black Metal|black metal|melodic black metal
TRACWSJ128F42739DE,Anubis Spire,"It Has Been A Long Time, Hasn't It",,,
TRACTBH128F422F31B,Silverstein,FRIENDS IN FALL RIVER  (LP Version),,,
TRACKVM128F4275B6E,Jaime Urrutia,"La sangre de tu tristeza (con Dani Martin, directo Enjoy 07)",,,
TRACKVZ128F4285793,陶喆,Everything's Gone,ten now,100.0,ten now
TRACUXJ128E0785F2B,The Rapture,Killing,post-punk,100.0,post-punk|indie rock|Electro-Punk|alternative|dance punk|rock|dance|party|electronic|indie|dance-punk|2003|electro|kick your ass|dfa|Alternative  Punk|dirtyfake|postpunk revival|present participle|The DFA|shake dat ass|undistinctly male voices|male band|listen later|Fave Indie Pop|electronic beats|crazy delicious|way cool|fresh beat|check this out|shoot the singer|Soundtrack des Lebens|dancemotherfucker|the word kill|Rock - Indie Experimental|fuce|radau|drunk remember|prostor|altparty|bichn food factory|playlist 2008|kick that fucker out the door|one-word titles|possible SSSD|rocknbeats|new wave|live|postpunk|Disco|british|whatever|bass|weird|hit|repeat|groove|fantastic|RockPop|let's dance|male vocalists|danse|some more|Muy Buena|Recent faves|fucking rock|strange voices|Move|retro inspired rock|punk-funk|shake it|Tre|attitude|wow|seen live|the rapture|mainstream-indie|da risentire|Indietronic|rapt|favorite songs|rapture killing|love 2|baby lets dance|screaming faggots|music orgazm xD
TRAJCDQ128F92C2B40,Ray Conniff,Popsy,,,
TRAJIDY128F931C89D,Youves,Another Djemba Djemba,,,
TRAJHCO128F42570C1,Beenie Man,Feel It Boy (Deep Dish Danchall Remix) (Feat. Janet Jackson),,,
TRAJHHJ128F4279625,Danny Wilson,Never Gonna Be The Same,tantotempotaste,100.0,tantotempotaste|80s|pop|Scottish|breakup|dundee|mjp|isses schee|New to Barbara|GH baby|fH Projex|fhEasy|post-punk scot melodic
TRAJHEE12903CB937A,4HIM,Freedom,contemporary christian,100.0,contemporary christian|oldies
TRAJOPH12903CE6732,Mannheim Steamroller,(Everybody's Waitin' For) The Man With The Bag,christmas,100.0,christmas
TRAJOES128F4245ED3,Mississippi Mass Choir,It Came To Pass (Part II),,,
TRAJRMZ128F932DC12,Mike Brooks,Woman of Shiloh,reggae,100.0,reggae
TRAJRTY128F426CF1F,Kathy Mattea,The Southern Soldier Boy,easy listening,100.0,easy listening|bluegrass|female vocalists|American Civil War
TRAJYKE128F92E25D7,John Mayall,Now I Got A Woman,,,
TRAJAZY12903CDD671,Brenda Boykin,Be My Lover,female vocalists,100.0,female vocalists|jazzy soul|chill|soul|sexy|lounge|MJ-just acid jazz|jazz|drjazzmrfunkmusic|cover cover till you cry|smoothly-saturate-the-void|MJ- Soul Strollin|lounjazz 1|chillounge 1|metro downtempo|a song for lovers|Ocean Cafe Chill|lento|touch|cafe del mar|lab|contemporary jazz|great|lieblinge|Sade|chillout|super|deep|sweet|blues|nu jazz|female vocalist|mj-light snacks|rustycanuckacidjazz|TantoTempo-Soul|tantotempotaste|TantoTempo-Cafe del Mar|TantoTempo-Greats|Tanto Tempo - Great 3|loved|bml|TantoTempoGreats|My favourite|ewa
TRAJAZS12903CE7594,Joe Rogan,Telepathy/Ted Haggard Got Cured Of The Gay,,,
TRAJSOQ128F92C6A6B,Yahir,Pasa El Tiempo,,,
TRAJSCW128F9335F78,The Chi-Lites,Love Of My Life,,,
TRAJFYK128F42579B0,Scar Symmetry,The Three-Dimensional Shadow,Melodic Death Metal,100.0,Melodic Death Metal|metal|Progressive metal|Modern Melodic Death Metal|thrash metal|black metal|epic|my stuff|progressive melodic death metal|Scar Symmetry|epic progressive melodic death metal from motherfucking outer space
TRAJDRG128F4217923,Bukka White,Single Man Blues,,,
TRAJLGV128F4232684,Joshua Rifkin,Fig Leaf Rag  (LP Version),Fig Leaf Rag,100.0,Fig Leaf Rag
TRAJPXA128F933A565,Leroy Hutson,Love The Feeling - Original,,,
TRAJWGG12903CB81AF,The Del McCoury Band,Led By the Master's Hand,,,
TRAJZPU128F422C1D2,Eberhard Weber,Unfinished Self-Portrait,jazz,100.0,jazz|eerie|minimalism|modern classical|contemporary jazz|keepin-it-just-jazz|musique de la ville 3|focusing
TRAJZII128F9358893,The Mustangs,So Many Roads,,,
TRAJGGB12903CEC83F,Cotton Candy,Hot Weiners (All The Way),,,
TRAJTCX128F42990AD,Diamanda Galás,Vena Cava 8,not bad,100.0,not bad|pure genius|what a voice
TRAJKXS128F42340B5,The Cure,Cut Here,new wave,100.0,new wave|80s|rock|post-punk|The Cure|alternative rock|alternative|2001|pop|00s|bujamsie|best of the cure|sad|Gothic Rock|Gothic|Pop-Rock|Reasons why I love the Cure|melancholy|synthpop|Love|nowa fala|britpop|compulsive repeat listenings|love songs|wistful|reunions|upbeat|indie|british|guest starring: synths|Post punk|want to cry|easy|break up|songs die so gut sind das ich meiner oma ihr klein haeuschen zwar nicht verkaufen aber zumindest dafuer beleihen wuerde|suicide|true love way|2000s|Cure|All time favourite|impossible wishes|best lyrics|depressingly beautiful|Regrets|alfa|teenage years|lovely lyrics|mushy|Breakup songs|beautiful|goth|Favorite|synth pop|punk|cute|Favourites|top 10000 best songs|the way my heart feels|Doerte|good0|Bianca chills|mi tema|audioeric-fm|radioultra|dj vale|KILA|Parallel Synchronized randomness|h202|power pop|reminds me of the cure|broken dreams at sunset|AAAAARRRRGGHHHH|wasted heart|old broken heart memories|crystal teardrops|Agua|weightlifting music|teh luv|better on vinyl|my spring of 03|Alternative  Punk|fucking cute|classic|slgdmbestof|I think of this song every time I meet one particular person|seen your video|filling out college applications|has me dancing even now|ex love|mi top 40 de The cure|beats for days|fun to skateboard to|xavinho|music to play on mdma|song des moments|songs die so gut sind das ich meiner oma ihr klein haeuschen zwar nicht verkaufen aber zumindest dafuer beleihen wuerde eventuell|100 songs you need to go out with|100 canciones que necesitas para salir|alternative rock favoritas|si pudiera escuchar esto en vivo serian puntos extras para cualquier estado de depresion en el que estuviese y aun asi adoraria que pasara yonk2
TRAJUPF128F4231A2C,P.O.D.,Ya Mama (Palm Springs Demo),Nu-metal,100.0,Nu-metal|Nu Metal|rock|christian metal|metal|guitar|punk|christian|Rap-Rock|demo|river ssss|xynod|VelocityWebDev NuMetal|rivers noise|ya mama
TRAICNK128F428E555,Los Chichos,Vuelve Junto A Mi,,,
TRAIJGU128F931FA16,Jimmy Hughes,"Neighbor, Neighbor",soul,100.0,soul|RB|blues|Old School soul|stax soul|soulfood|Alabama Soul|Last FM
TRAIIRA128F931140A,Kraftwerk,Pocket Calculator (2009 Digital Remaster),,,
TRAIIVU128F14AD113,Ron Goodwin,The Lull Before the Storm,,,
TRAIHHD128F9324581,The Nelons,Only A Look,,,
TRAIXNZ128F934D8A9,Ruffneck,C'Est Moi L'BO$$,,,
TRAIMXZ128F92E162F,los ninos de sara,Lioraras,,,
TRAIBHW128F146721B,Andy Russell,Easter Parade (1992 Digital Remaster),,,
TRAIBXQ128F425E6A5,Kings of Leon,My Party (Kenna Remix),rock,100.0,rock|indie|dance|Post Core|pretty good|lipgloss
TRAIFSJ128F92FE22F,Brooklyn Tabernacle Choir,Everything I Desire,,,
TRAIDXN128F424DC21,Billy May & His Orchestra,Tenderly,,,
TRAILFA128EF349FE5,Nine Inch Nails,Survivalism,industrial,100.0,industrial|industrial rock|rock|alternative|electronic|NIN|trent reznor|nine inch nails|year zero|industrial metal|alternative rock|favorites|metal|Favourites|political|electronica|FUCKING AWESOME|american|alternative metal|hard rock|experimental|shut up and listen|goth|00s|reasons to breathe|beautiful memories|songs i would like to perform if i was a musician|love at first listen|great lyrics|angry|addicting|noisy|dark|Energetic|Soundtrack Of My Life|obsessive repeated listening|songs that you wanna listen to over and over again|punk|songs that are important to me|survivalism|sonic rock|aitch|aitchsonic|heavy|epic|everyday listening|male vocalists|dark electro|MOONH8SUN|aitchepic|Awake|usa alternative songs number one hit|seen live 2008|aitchchill|canadian singles chart number one hit|00-00-0000|2007|aggressive|chill|Favorite|3 stars|yearzero|electro rock|Trent|head spinning|synth rock|seen live 2009|Progressive rock|aitchawake|electro industrial|darkwave|CSI|Awesome|electro-industrial|aitchknight|my music|party like hell|catchy|f|best of 2007|csi soundtrack|indie rock|kickass|Rightous|Favorite NIN|World on Fire|kocham i sie podniecam|live life live|mescritiques|we dont need this fascist groove thing|Unexplainable Love|singer-songwriter|just dope|pig fuck|pure musical genius|bulletproof ideas|101 tracks|catchy like drug-resistant tuberculosis|soundtrack for running|The habd that feeds
TRAILNM12903CD17D2,Bob Sinclar featuring Sugarhill Gang,Lala Song (Matesi DJ 'silverstatix' Remix),,,
TRAILTA12903CB69A4,Buddy Miles,Santa Claus Is Coming To Town,,,
TRAIWKK128F92FA8A9,Rodney O & Joe Cooley,Let's Have Some Fun,,,
TRAIZHG128F934FE42,Natural Elements,More Than Vocals (MTV),Hip-Hop,100.0,Hip-Hop
TRAIGRF128F9332355,Crazy Girl,Get Picked Up,cover,100.0,cover
TRAIGYC128F93474E4,Nicho Hinojosa,Tómame O Déjame,que romantica,100.0,que romantica|new|Romantica|oldies romanticas|Nicho Hinojosa|xolo69
TRAITHR128F42B7E26,Rubyhorse,The  First Of The Year,,,
TRAIQAH128F93402D2,Planetakis,Letters to Norway,56pia,100.0,56pia
TRAIUVT12903CD76F3,Albin Myers,Times Like These,Progressive House,100.0,Progressive House|House|electronic|electronica|minimal techno|fuck|Entspannung|E|X-Press|albin myers- times like these|albin myers times like these
TRAIUDT128F9342510,La Sonora Santanera,Cuando Quieres Tu,,,
TRAHCQZ12903CFF0B9,Patrick Lamb,I Remember,,,
TRAHIXN128F147F25D,The Impressions,Ridin' High,,,
TRAHHMM128F932D5D9,Sonic Subjunkies,Turntable Terrorist,turntable terrorist,100.0,turntable terrorist|breakcore
TRAHXKA128F426E903,Lisa Lisa & Cult Jam,U Never Nu How Good U Had It,80s,100.0,80s|pop|title is a full sentence
TRAHOOP128F42B62AB,Cam'ron,Losing Weight Part 2,Hip-Hop,100.0,Hip-Hop|just blaze|rap|favorite track|finest|Bomb
TRAHMWO128F42A2181,Mavado,Real Mckoy Feat. Busy Signal,dancehall,100.0,dancehall|GTAIV tracks
TRAHMLW128F92D9D82,In Extremo,Vollmond,folk metal,100.0,folk metal|german|Mittelalter|metal|medieval|in extremo|deutsch|medieval metal|folk|mittelalter rock|folk rock|Mittelalterrock|Medieval Rock|German metal|rock|Mittelalter Metal|Gothic|male vocalist|mittelalter-rock|Good Stuff|Vollmond|amazing|live|Love|Deutschrock|Folk-Metal|vampire|Faves|In Extremo - Vollmond|liebeslied|InEx|celtic|favorites|In Extremo pur|00s|germany|schwarz|songs for fly away|my memories|Eibe Elite|277|songs to sing when youre drunk|probably the best song ever|allltime favourite songs|good mood songs|dance that shit|rock club hildesheim|just dance|mustHave|Mittelaltermetal|darwave|Schandmaul|handgemacht|folk march|harpha|lovedbyFolkRock7777777|Baamhakke|heavy|Spielmannsfluch|songs I possess|Zoras Best|Top 5 of the Favourites|foarte tare frate|Mittelaltermetall|sabine park|wicked love|sinnerins|Dark WaveGothic|as-it-seems--|Vampirism|horizont|songs I can play on guitar|gief|minne|Singing|LOVE LOVE LOVE|i love it|alternative|heavy metal|industrial metal|sing alongs|Musik|lovesongs|male vocalists|2000s|german artists|my special favours|trippy|german lyrics|Awesome|beautiful|underrated|melodic|yeah|my music|uber|Melodisch|nova rock|Folk punk rock|metal ballads
TRAHRLI128F933D96F,Johnny Osbourne,Mine Yuh Business,,,
TRAHYVL12903CC97AB,Johnny Pearson,running sabotage,,,
TRAHBKC128F426E014,Bill & Gloria Gaither,Jesus Hold My Hand (The Best of Homecoming - Volume 1 Version),,,
TRAHNQU128F429FA26,Bill & Gloria Gaither,Stand By Me (Freedom Band Album Version),,,
TRAHNVN128F933EBE8,Otis Spann,Evil Ways,blues,100.0,blues|piano blues|mississippi|Otis Spann|divorce|evil ways|reggae|USA|music I like|boogie woogie piano|jazz piano|soft and smooth|JP Lenoir|religion is boring|brad really does worship the devil
TRAHSWZ128F9332296,Cheo Feliciano,Juguete,Cheo,100.0,Cheo|Bolero superbe|salsa boricua|hector la boe
TRAHSIK12903CD4EB1,Leon Russel,Three Bells / Les 3 cloches,,,
TRAHFAH12903CA7F20,Bescenta,so in love,,,
TRAHDJK128F934281D,Los Brujos,Si yo tuviera,,,
TRAHDCA128F92E8221,S.U.P.,Insanity,,,
TRAHEII128F9307D9A,Blind Lemon Jefferson,Gone Dead On You Blues,blues,100.0,blues|Classic Blues|20s|Blind Lemon Jefferson|singer-songwriter|male vocalists|scratchy|Texas Blues|cantautor|Old Blues
TRAHEAC128F4266DA2,Andy Griffith,The Old Rugged Cross (Medley)  (Love To Tell The Story Album Version),,,
TRAHECO128F9360EB4,Walter Trout,Obstacles in My Way,blues,100.0,blues
TRAHEYD128F934A130,Blind Boy Fuller,Got To Find My Little Woman,,,
TRAHLZV128F42570AF,Mish Mash,Pish Tash,,,
TRAHLDG128F92EB4A9,Michael Jackson,Tabloid Junkie,pop,100.0,pop|michael jackson|90s|funk|dance|aggressive|rnb|beatbox|The King of Pop|criticism|Tabloid Junkie|Paparazzi|Favorite artist|History|media|king of pop|favorites|privacy|attitude|anger|mj|lyricism|jimmy and terry|kot|jacksons|unhappy|songs on repeat|exhilarating|favoritas|5|pop music tag|Michael Jackson Tabloid Junkie|help me im a celebrity|Michael Jackson - zao|-pop-and-hip-hop-|forever and ever and ever|-favorites-|leapsandbounds CDCollection|best bridge|my-pop|E-flat minor|favor-inter|truths|Favorite Male Vocals|favourite jackson songs|wow this is it|king of music|vocalization|favorite by this singer|press|aint it funky|111 bpm|urban|lovely|All-time favourites|energy|catchy|Jam|melodic|Energetic|Madonna|influential|Favorite|Awesome|political|rap|groovy|soul|80s|afternoon|real|Pop Life|new jack swing|Immortal|RB|Old School soul|life|black music|popular|nineties|1990s|male vocalists|1995|hype|heard on Pandora|emo|grooooooooooooooovie|Micheal|favorite songs|3-star|My Favorites|Favourites|song 1|electronic
TRAHPBE128F93071CF,K.T. Oslin,The Legionnaire,,,
TRAHZAL128F9323495,Leonard Bernstein,Dance At The Gym,Soundtrack,100.0,Soundtrack|musical
TRAHTZN128F421A41F,Radney Foster,Again,,,
TRAHUAW128F425BA0B,A Challenge of Honour,Heiliges Feuer,dark ambient,100.0,dark ambient
TRAHUCB128F930E732,Marisela,Un Amor En El Olvido,romatic easy pop,100.0,romatic easy pop
TRAHVRW128F92F15FE,Ronnie Milsap,Why Don't You Spend the Night,classic country,100.0,classic country|country|beautiful|pop|80s|my favorite|great song|jo|sjler|gittis
TRAHVBC12903CEF90F,The Jackson Southernaires,Thank You Mama,gospel,100.0,gospel|Contemporary Gospel Tag
TRAHVMI128F93235CD,Whitney Cummings,Porn,,,
TRAXJQM128F42903F2,Pacha Massive,Drive,Lo-Fi,100.0,Lo-Fi|chillout|ambient|instrumental|chill|happy birthday|favouritestreamable|topfavouritestreamable|favourite 00s|ultrababbling|kmem7700|Sousaphonic AOTM 201102|Roguesch0lar-loved|good
TRAXIIG128F427E41A,Blind Boy Fuller,Precious Lord,blues,100.0,blues|obskyr blues|country blues guitar greats
TRAXIXV128F932E2C2,Yvette Horner,En Souplesse,,,
TRAXHYT128F932C2EC,Patrick Saint-Eloi,An Plas'ay,,,
TRAXXQA128F9301855,Janie Fricke,Let's Stop Talkin' About It,,,
TRAXOVX128F93439DB,Juice Leskinen,Sietämätön mies,,,
TRAXOOY128F42280B0,Hoods,Suffer,hardcore,100.0,hardcore
TRAXMAK128E07822CB,Radiohead,Fake Plastic Trees (Acoustic Version),radiohead,100.0,radiohead|acoustic|alternative|indie rock|indie|alternative rock|beautiful|melancholy|rock|guitar and voice|folk influences|to hurt|absolute classics|narrative lyrics|acoustic rhythm guitars|mellow rock instrumentation|acoustic sonority|major key tonality|mild rhythmic syncopation|a vocal-centric aesthetic|Mellow|favorites|la sangre|you are my favorite|things you cant believe|Ion B radio|musica para escuchar cuando esta lloviendo|lo maximo de lo maximo|music to listen when its raining|elegante|relax to think about|fake plastcs|best radiohead song ever|fake plastic trees- radiohead|ss sOft|BritPop Favoritas|top 100 tracks by VVG|VVG|rokker radio|bestfriend|amaneciendo|guaro time|modern love breaks me|petunias rock|urban paranoia|climaticos|elimizi kolumuzu baglayan sarkilar|with a shotgun on the heart|emilkas music|Suavecitas|Staccati da chi sei|master sensei|die dieee|screeeaaaam|apoye el raye|mellow up|breathing in and out|con los pies en la arena|Ever|all time favorites|lentos|Brand New|damn good|Passionate|top pop songs|brit pop|lovely|chillax|british|melancholic|relax|90s Rock|sad|Awesome|Soundtrack|folk|favourite|songs that knock me out|songs i want to learn to play|Music to cry|bitfaster|lado B|incomparable|dinle|decadente|food for the soul|reflexive|Memoirs|Alternative mellow|acustico|s2|decadent|tripping|go crazy|seen live|heard on Pandora|30 Strand Grass|britpop|90s|de trankis
TRAXMWV128F14612AB,Carlos Ponce,Quiero,latin,100.0,latin|pop
TRAXRWA128F42464CD,Dax Riggs,Ourobouros,candidate,100.0,candidate|Favorite|resident evil 5|dance the dream with your body on
TRAXAHC128F421D3C3,Five Fingers of Funk,Posters,,,
TRAXBJX128F428A6A9,Montserrat Caballé;Eugenio  Marco,Bohemios: No quiero que sepa que aquí vengo yo (Gypsies: I don't want him to know that I am here),opera,100.0,opera
TRAXSMG128F4261743,Ann Lee,Hold The Key,,,
TRAXDZH128F425C673,Michael Gettel,Memory In The Snow,winter instrumental,100.0,winter instrumental|new age|jazz fusion|favorite albums|90's|James LaRoche
TRAXEML128F934BC04,Lizzy Borden,The Darker Side,heavy metal,100.0,heavy metal
TRAXEUB12903CBAA99,Bob Cheevers,Memphis Til' Monday,,,
TRAXLAY12903CA8612,The Sugarhill Gang,8th Wonder,Hip-Hop,100.0,Hip-Hop|hip hop|80s Old School|rap|party|loved|old school|hip-hop classics|Old School Hip Hop|the pitchfork 500|classic hip-hop|cruisin|kaipuu|Pauls Boutique|Gullvorspiel|hip hop hooray|sugarhill|fav track|kl|Classic Hip Hop|kid-safe|i need now|orange label house arrest|classic hits|1979-2006: A Hip-Hop Odyssey - 800 Tracks In A 48 Minute Mix|clap-clap clap your hands|style wars|jezaus radijas rekomenduoja|metro funky|ElectglitchdubhoP|classic-hop|phantombreaker|Back In The Day - Hip Hop Jams|dancing|Black|good shit|laidback|classic|rnb|boogie|Jam|Disco|Love it|groovy|electrofunk|scrubs|Rules|clean|funky|beatz|happy|sampled|fun|seen live|heard on Pandora|Pitchfork 500|friendsofthekingofrummelpop|80s|old skool|Sugar Hill Gang - 8th Wonder|cHaRtZ-0808|8th Wonder|1981|hiphop|Oldschool Hip-Hop|choon|3|hip hop tag|numbers
TRAXPHE128F92F4100,Paul Rogers,The Hunter,blues rock,100.0,blues rock
TRAXWQU128F42716E2,John Mellencamp,Peaceful World,rock,100.0,rock|classic rock|singer-songwriter|pop|80s|gl2|moje liceum|my florida|2007|My Personal favorites|Indiana|adult contemporary|2000s|guitar rock|optimistic|Artists I have seen Live|rock n roll|pop rock|american|political|americana|soft rock|guitar|john mellencamp|freedom|mellencamp
TRAXGZH128F427D44C,Martin Sexton,Glory Bound (LP Version),,,
TRAXTAU128F930A7EF,Mithotyn,Let Thy Ale Swing,metal,100.0,metal|folk metal
TRAXTSU128F4241835,Josh Groban,Mi Morena (Revised Live Version),pop,100.0,pop|favorites|Favorite|live|classical voice
TRAXKHD128F429A801,Los Del Rio,Canela Pa'  Tu Boca,,,
TRAXUBQ128F4242E2F,Seguridad Social,Soc Mediterrani,Cantautores,100.0,Cantautores|idioma valencia
TRAXULE128F9320132,Fontella Bass,Rescue Me,soul,100.0,soul|motown|60s|oldies|female vocalists|northern soul|Fontella Bass|rhythm and blues|pop|rescue me|female vocalist|catchy|1965|party|upbeat|Soundtrack|happy|female|groovy|blues|performed on top of the pops|beautiful|usa hot rnb hip hop songs number one hit|mushy|Love|mod|rnb|sixties|crowning moment of awesome|old favorites|groovy soul|sister act|dance|love songs|Uplifting|love song|Not Aretha Franklin|Soundtrack Of My Life|soul stomp|blues n soul|classic soul|save me|60s soul|songs you must sing along with|masked marvel|Classic soul and funk|hochzeit|golden oldie|summer|female vocals|Rock and Roll|20th Century|chaser i|gdchills60s|mpsvd-black-o|Mellow|easy listening|1960s|r and b|Philipp likes it|big hit|BeatbabeBop selection|dieta de martes|Pardans|franziska loves it|Franziskas love songs|my party|50cw|Jills Station|breakfastyourtheories|finkmythOughts|motown female|franziskas old school|silverlinjen|franziskas motown|need you|big mama and cia|milton fun|3 star|rescuing|awesome vocalist|weallgetold|ray cw|teh luv|put on your pearls girls|femalesinger|Toth|M80|favouritestreamable|topfavouritestreamable|Horns Rhythms Voices|done on american idol|que me la pongan que la bailo|something lovely|double-ender 10|move with me|happy hippi|best songs of the 60s|Fontanella Bass|60s Motown
TRAOCIR128F9304F92,The Frequency,Stop It,,,
TRAOINP128F92F0217,Beherit,Lord of Shadows and Goldenwood,black metal,100.0,black metal|dark ambient|finland|true black metal|old school black metal|metal|ambient black metal|Black|Extreme Metal|goat metal|fucking kvlt
TRAOHWQ128F4217505,Mike Vax,Speak Low,,,
TRAOHHF128F426486F,Three 6 Mafia,We Got Da Dope,,,
TRAOORD12903CCD128,Stickboy,Stand Down,,,
TRAOOGL128F93303AA,The Cat's Miaow,Portland Oregon,tracking 2008,100.0,tracking 2008
TRAOMMU128F933878B,Guitar Slim,The Things That I Used To Do,blues,100.0,blues|rhythm and blues|50s|1954|allboutguitar|BRC Blues Band|BRC Blues Band Karlsruhe|allbout Guitar Lessons - Blues Workshops Karlsruhe|German Blues Lovers|Blues und Rockclub Hamburg|The Things That I Used To Do|wwwlautfmbluesclub|lautfmbluesclub|allboutGuitar Lessons - Blues Workshops|allbout Guitar Lessons Karlsruhe|BRC Blues Band - Juke And The Blue Joint|blues rock guitar karlsruhe|blues rock gitarre karlsruhe|Blues und Rockclub Karlsruhe|allboutGuitarcom|Radio Karlsruhe|Lucinda Williams Concert 010409 Hamer Hall at The Arts Centre in Melbourne|Gitarrenunterricht Berlin|gitarrenunterricht in karlsruhe|i want back to the 50s|treme|Blues Tag|Karlsruhe|Guitar Gods|acclaimed music top 3000|RnR Hall of Fame 500 songs that shaped rock and roll
TRAOYQV12903CF8089,Hot Chip,Ready For The Floor (Radio Edit),elektronika,100.0,elektronika|electronic|positive|want to see live|elektronischer-b0lzen|gehtimmer-b0lzen|haeuslicher-b0lzen|metronika|pitchfork top 100 2008|hthth
TRAOAXK128F4268FE6,Eddie Cantor,When My Ship Comes In,1930s,100.0,1930s
TRAOAYQ128F428A098,K.T. Oslin,Come Next Monday,country,100.0,country|country legends|my favorite|great song|80s|classic country|sara|patty|zack|songs that move me|K T OsLin|For my good days|My Inner Redneck|YEAH i do|What your thinking|Karaoke Chris
TRAOAVW128F9318B5A,Happy Mondays,Kinky Afro [Remastered Version],,,
TRAONHO128F92FBB86,Malkit Singh,Akh Larh Gayee,,,
TRAONMS128F1481B05,Quinteto Violado,Galope A Beira Mar,galope a baira mar,100.0,galope a baira mar
TRAOSLL128F930687E,Commissioned,I'm Gonna Let My Love Flow,,,
TRAOETQ128F92F9C27,Les Bonapartes,Welcome,,,
TRAOEYW128E0792A0C,The Roots,One Shine,jazz,100.0,jazz|chill out|smooth|Hip-Hop|hip hop|lounge|chill|roots|acid jazz|cool|instrumental|soul|Mellow|ringtone|Funky Chill|adult-contemporary|fun lovin|head turn tune|nu nuj|deepsoul|sexysexy|Chillsound|Rap  Hip-Hop|greatest hip hop|getthatgroove|hmm yeah|chicchirichi|Mo Hop|2kool4skool|tschill|clasSICKhiphop|US Soul|lycurgusxxvii|roots at their best|Sick beats man|jazz- hop|muted trumpet beat|steppy soul|favourite|funk|night|nu jazz|jazzy|East Coast|Neo Soul|Hmm|Neo-Soul|jazzy soul|underground hip hop|black music|sunshine|the roots|alternative hip hop|okayplayer|orgasm|instrumentals|Acid-Jazz|My|Night Music|brain food|feelin jazzy|funky monkeys|davids class tracks|smooth groove|hiphop|seen live
TRAOLOX128F422F02B,George Harrison,Baltimore Oriole (2004 Digital Remaster),The Beatles,100.0,The Beatles
TRAOPCP128F4223E58,Spade Cooley,Lover,,,
TRAOGTM128F931FABE,Hollywood Brats,Suckin' On Suzie,,,
TRAOQAT128EF366258,Xlnc,Pichleh Janam Dee,,,
TRAOVAV128F427A5E0,Gordon MacRae,Soliloquy (2001 Digital Remaster),,,
TRAMIGP128F9335408,Bersuit Vergarabat,Bolivian Surf,,,
TRAMIOB128E078248C,Mazz,Calla,,,
TRAMINS12903CCA8BB,Charles Williams,From the East,,,
TRAMHMO128F93167EA,Juana Molina,Isabel,female vocalists,100.0,female vocalists|folkie|jazz|electronica|soothing|ambient pop|singer|lovely|Wry|loved|girls names|Isabel|Sad girls with guitars|latin
TRAMHJH128E0793259,Spooky Tooth,Evil Woman,classic rock,100.0,classic rock|rock|spooky tooth|Progressive rock|60s|Evil Woman|Psychedelic Rock|psychedelic|spooky too|hard rock|rock your face off|Q8|Rock Electronico|parsons|classic rock-baladas|Mark Harrison|Blues For The Suffering Primate|dakos hall of fame|evel women|grungie hippy blues|maybefavourite|1969|60's|2listen|ok|underground|hippie|r&b|blues rock|Progressive|garry Wright|blues|luther grosnevor|great|TantoTempo-Greats|Tanto Tempo - Great 3|rock-protopunk|proto punk|punk|TantoTempoGreats|tantotempotaste|Garage Rock|metal
TRAMXVY128F931C1EF,Tony Joe White,I've Got A Thing About You Baby (Album Version),bluesrock,100.0,bluesrock|Tony Joe White
TRAMOGA12903CB4421,Pepper,Musical 69,,,
TRAMRWS128F14985A2,Arturo Sandoval,Waheera,latin jazz,100.0,latin jazz|jazz|trumpet|latin|arturo sandoval|Smooth Jazz|cuban|JAZZ NATION|i liki|redder than red|jazz 1|Jazz and Swing|son montuno|sweet track|nice elevator music|dinner|cuba|30s|chill|instrumental|Cuban Jazz|Solomusika-Loved
TRAMYZP128F4296A16,Bizzy Bone,A Song For You (Feat. DMX and Chris Notez),Wade,100.0,Wade
TRAMBFD128EF34B848,MIMS,Cop It,hip hop,100.0,hip hop|rap|rnb|00s|american|new york|male vocalist|mims|cool beat|sick bass|cop it|718|LX|lollypop|MiMS rocks
TRAMBPW128F9337F71,Sui Generis,Zapando con la Gente,,,
TRAMBNF128F426FBB6,Chimaira,Left For Dead (Album Version),heavy metal,100.0,heavy metal|metalcore|metal|rock|Progressive metal|thrash metal|trash metal|xxx|fast and loud|as
TRAMBAG128F427D469,Vox Dei,A Nadie Le Interesa Si Quedás Atrás (Total Que...),Rock Argentino,100.0,Rock Argentino
TRAMFCQ128E078CF59,Cactus,Parchman Farm (LP Version),classic rock,100.0,classic rock|Cactus
TRAMDWV128F931B5BD,Barenaked Ladies,This Is Where It Ends (Album Version),,,
TRAMDCX128F4294590,Billie Jo Spears,Permanently lonely,,,
TRAMLJB128F4220AC2,Pete Miser,On The Rhyme (featuring Dj Pete Miser),,,
TRAMLGZ12903CA6BC4,Maysa,I Put A Spell On You,acid jazz,100.0,acid jazz
TRAMLFL128F93062A0,Jane's Addiction,Stop! (demo),,,
TRAMLAE128F931FBE7,Anne-Sophie Mutter/Academy Of St Martin-In-The-Fields/Sir Neville Marriner,"Concerto for Violin and Orchestra No. 1 in B flat Major, K207: I.   [Allegro moderato]",mozart,100.0,mozart|Classical|violin|classical violin|classic4kids|beautiful classics|klassik mozart|classical composers|violon|vibrant|lively|Love it|concerto|Virtuoso|Energetic|relaxing|Wolfgang Amadeus Mozart|violin concerto
TRAMWMT128F1453E62,Kardinal Offishall,Belly Dancer (Bananza) Remix ft. Kardinal Offishall,,,
TRAMZGZ128F42413C2,Debra Laws,On My Own (LP Version),classic soul,100.0,classic soul|disco funk
TRAMGPM128F9311196,Arctic Monkeys,From the Ritz to the Rubble,indie rock,100.0,indie rock|indie|british|rock|alternative|arctic monkeys|alternative rock|britpop|brit rock|UK|00s|Awesome|post-punk|Garage Rock|Britrock|2006|Energetic|catchy|punk|2000s|fun|Sheffield|upbeat|Favourite Songs|artic monkeys|punk rock|favourite|alternative-rock|Favorite|english|male vocalist|old times|Love|modern rock|Favourites|Favorite Bands|Love it|great|favorite songs|amazing|badass|male vocalists|Good Stuff|indierock|rock out loud|catchy as hell|guitar|intense|alt rock|favorites|sexy|ridiculously awesomely good|Pnk|Alternative  Punk|stuff I should be able to inject directly into my blood|cool|am|cigarettes and alcohol|fucking mental drumming|interesting|pop - rock|aitchinternational|ok|from the ritz to the rubble-arctic monkeys|brit pop|heavy rotation|tracky bottoms tucked in socks|aitch|my arctic monkey|indie brit pop rock|sonic rock|poppy punky rock|makes me want to move my feet|want to see them live|skapunk|best track in the world|Brit|rockin|temazo|aitchsonic|yeah|aitchawake|experienced live|dance|pop-pickers|sortit|rock n roll|classic rock|dansen|first favourite|gadget channel radio|Whatever People Say I Am|Excellent tune|fav0urit3|malpki|knock you down|all mod cons|no shit|belting lyrics|most loved
TRAMGJJ128F421487E,Lionel Richie,In My Dreams,easy listening,100.0,easy listening|smooth|00s
TRAMKDJ128F92F3D8B,The Mars Volta,Take The Veil Cerpin Taxt,Progressive rock,100.0,Progressive rock|experimental|psychedelic|rock|The Mars Volta|alternative|Progressive|alternative rock|prog rock|Experimental Rock|Psychedelic Rock|FUCKING AWESOME|art rock|mars volta|Fusion|hard rock|Awesome|prog|latin|Orgasmic|american|favorites|epic|00s|post-hardcore|Masterpiece|hardcore|Avant-Garde|indie rock|post-punk|Energetic|complex|concept album|crazy|2003|leapsandleeloo|some of the coolest band ever|Punch to the Gut|jazzy rock|Progressive metal|Take the Veil Cerpin Taxt|irregular time signature|spontaneous|Cedric Bixler Zavala|omar rodriguez-lopez|spiritual without religion|Greatest Songs I Have Ever Listened To|Songs that must be listened to all the way through|Head dance|great closing tracks|best riffs|2000s|the most incredible compilation of sound|beautiful|intense shredding|awesome instrumental part|epic bridge|knfe me in|julio venegas rip|drumazing|live|more than 5 minutes|post hardcore|Roller Coaster|FairyIncognito|indie shocks|shocks|zajebiste|Last Fm Anniversary|haunted aural realm|name in title|fav01|Drums drums drums|silent intensity|Mars|awesome bass|heroin rock|iannai29 list|great bassline|electrifying|eclat|ATDI Related|volta|old days|i rock harder|pump up|proggy wonder|ace tune|la wea loca|facerocking|hip dancy tunes|Next Act  RIP|solos phodasticos|LuisKM0|spinning yarns|freakey stylish|Songs that smooth out|tripp rock|marsvoltasongsthatactuallyrock|longer than life
TRAMKUF128F9353E34,Electronic Pig,Electro nicpig,industrial hardcore,100.0,industrial hardcore
TRAMQKM128F1474EEE,El Gran Silencio,Ayer,,,
TRARCZH12903CF7D2F,Bad Company,Rock Steady,classic rock,100.0,classic rock|rock|hard rock|blues rock|70s|Bad Company|heavy|barbwire bad ass|barbwire bad company|barbwire classic rock mix|Paul Rodgers|this is not new wave of jazzcore|Bad Co Rock steady|Green Goose|Ervin work playlist|barbwire live|Bad Company Rock Steady|sportlich|barbwire classic rock|GLEN RIDGE REUNION|efrgtrgt|ArtistToKnow|Rock and Roll Kick Ass|rck stdy|Radiotsar approved|hl classic vinyl|five5stars|slgdmbestof|blues|heavy metal|powerful|favorites|oldies|golden oldies|naughty|rock steady|Blame it on the love of rock n roll|route 66|groovie|most loved|this is what you call|better on vinyl|didjiridoo|BADCO|Boyax|70's|memories|Old Favs|lee michaels|Bato|Southern Rock|seen live
TRARINE128F4280B9C,UFO,Out In The Street (Live) (2008 Digital Remaster),rock,100.0,rock|hard rock|Progressive rock
TRARHLY128F42698CA,Audio Adrenaline,Some Kind Of Zombie (Criscoteque Remix),,,
TRARHMM128F92F2DC9,Jessie Lee Miller,All or Nothin' Gal,,,
TRAROQC128F4273979,Shakira,Que Vuelvas,latin,100.0,latin|pop|Shakira|90s|singer-songwriter|dance|catchy|sexy|best songs ever|female vocalists|amazing|rock|upbeat|spanish|Colombia|legend|Talented Ladies|awesome vocal|poet|pop rock|top notch|latin pop|favorite Shakira songs|flawless|musica latina|the best|Guapa|great|officially great|Favorite|genius|Fusion|latino|hot|Rock en Espanol|heartfelt|Canciones De Amor|es lo que hay|pop en espanol|fresa|songs with foreign language: spanish|mariconadas|The Best Songs Ever|-4|dejame que te cuente|Songs of Contemplation|Me gusta|best mouth in rock|pop - rock|Foreign music|colombian|Espanol|eletronica|Latin Rock|singer songwriter|wonderful|best|favorites|party|favourite
TRARMWA128F424147D,Ill Niño,Nothing's Clear (Album Version),,,
TRARRYC128F428CCDA,Amorphis,Misery Path (From the Privilege of Evil),,,
TRARYFU12903CAE834,Virgil Moorefield,Healing Power,,,
TRARBKI128F423DFA4,Johnny Daye,What'll I Do For Satisfaction (LP Version),BeatbabeBop selection,100.0,BeatbabeBop selection
TRARBDK128F92C7F0B,Various Production,Wot U Say,,,
TRARBJW128E0788A1A,Inspiral Carpets,Keep The Circle Around,indie,100.0,indie|1988|british|f50 1988|britpop|madchester|festive fifty|Manchester|John Peel|80s indie|john peel - festive fifty|shapes of things|wanna have|oldskool rap|ilike|burt bacharach|1980s|Good Stuff|60s pop|alternative rock|indie pop|punk|classic rock|80s|Mellow|new indie|chill|phoebe80sindie
TRARSZV12903CDB2DE,Junior Kimbrough,Meet Me In The City,blues,100.0,blues|blues rock|rhythm and blues|77davez-all-tracks|double-ender 4|rlbluesfav|Bon vieux rock n blues|Driving Route 66|zomblues|covered by the black keys|black keys cover this|Charlie Gillett|placecore|time for a clearout|MyTopTracks|quarkzangsun|quarkzangsun v1|quarkzangsun p0|quarkzangsun play|Mellow|guitar|jazz|cool|delta blues|Favourites|groove|Love it|Awesome Guitar Jams|dusty|delta|buy|rlfav|crossroads|Junior Kimbrough|transit|sic transit|friendsofthekingofrummelpop|Delta Blues greats|nye favoritter|Blues Tag
TRARFAZ128F93481AD,Korpiklaani,Isku Pitkästä Ilosta,folk metal,100.0,folk metal|metal|viking metal|death metal|Melodic Death Metal|melodic metal|Viking Folk Metal|finnish folk metal|alcohol metal|Viking Death Metal|Folk Death Metal|beer metal|death folk metal|poepruig|alcohol folk metal
TRARFSH128F92DFDED,Flink,Sunset Manifesto,,,
TRARFKP12903CF5DF1,Salt The Wound,From My Hands,grindcore,100.0,grindcore|death metal|deathcore|Post Apocalyptic Lounge
TRARDUI12903CBF6B6,K.I.Z.,Autofokus,hip hop,100.0,hip hop|german hiphop|rap|german|KIZ
TRAREGG128F425A5D8,Out of the Grey,Dreaming Of April,easy listening,100.0,easy listening|soft rock|singer-songwriter
TRARWSY128F92FE87E,Chris Clark,Gavel Obliterated,,,
TRARWBA128F93580C7,The Rodeo,Cha Cha Cha,,,
TRARZIV128F147AADB,Jongo Trio,Cavaleiro De Aruanda,Bossa Nova,100.0,Bossa Nova|brasil|moe|mpb
TRARTCZ128F427A176,Otis Spann,No More Doggin',blues,100.0,blues|Chicago Blues|piano blues
TRARTEH128F4280823,Van Halen,From Afar (Album Version),,,
TRAYCIT128F92F1A43,Chelsea,Right to Work,punk,100.0,punk|British Punk|Hartz IV|friendsofthekingofrummelpop|songs die so gut sind das ich meiner oma ihr klein haeuschen zwar nicht verkaufen aber zumindest dafuer beleihen wuerde|70s|punkrock|chelsea|primer punk|the rezillos|class struggle|hasenradio|Jubilee soundtrack|punkd
TRAYCIH128E07890B9,The Cure,Doubt,post-punk,100.0,post-punk|new wave|The Cure|alternative|Gothic Rock|Gothic|80s|goth|intense|1981|Black|quarkzangsun|suicidal|rock|darkwave|brilliant|1980s|british|ravta|bujamsie|goth poo|good4|K1MO likes|make me move|songs that get me|butter|suicidal mood music|pop lament|the Cure-Doubt|I want back to the 80s|i love singing along|eclectonia|heavy bottom end|angular guitar playing|quarkzangsun loved|-5|rain coat|the children of the night what music they make|postpunkgdchill|Favorite|death rock|Favourites|dark|Post punk|work|My Songs|mad|favorites|sorrowful|love to hate|XTC|Cure|storm|70s|faith|aggressive|heard on Pandora|seen live|alternative rock|pop|loved|punk|mid|download this album|alzeyer strasse
TRAYJDG128F92F2DA8,Sick on the Bus,Who R Ya,,,
TRAYJOQ128F42AD10C,Dale Hawkins,Wish I Hadn't Called Home,,,
TRAYJOF128F92F9EEA,Kelly Clarkson,Cry,female vocalists,100.0,female vocalists|pop|pop rock|Heartbreaking|rock|Kelly Clarkson|pop ballad|sad|heartbreak|american|American Idol|cry|00s|electric rhythm guitars|All I Ever Wanted|electric rock instrumentation|major key tonality|a clear focus on recording studio production|a twelve-eight time signature|triple note feel|a subtle use of vocal harmony|use of a string ensemble|a vocal-centric aesthetic|a dynamic female vocalist|soft rock|indie rock|Ballad|female vocalist|breakup|alternative|cool breeze|unbearable pain|slow sessions|makes me cry|acoustic rhythm guitars|guilty pleasure|great lyrics|ballads|perfect|gmix13|love7|cry kelly clarkson lyrics|f4nt4stic|my fav girls|ContemporaryChristianPop|2009|lyric songs|breakupsong|classytrendypoppychick|clearly about me|cafeand|4m4zinq|t5rpop|Mellow|emo|female vocals|Awesome|lonely|sweet|melancholy|Female Artist|ladies|pink|break-up|broken heart|rock ballad|so good|tenderness|break-ups|break-up song|favorite ballads|depres|melancholy songs|morri|pop music tag|Like|legal drug|Hotte18|Red Hot
TRAYJLA128F4267A6A,The Chap,They Have A Name,electronic,100.0,electronic|indie pop|Energetic|nice to hear|rock|indie|pop|indie rock|experimental|dance-punk|uzz-chicki-uzz|Schmeisst die Moebel aus dem Fenster|seen live
TRAYIND12903CB7B05,Charley Pride,Help Me Make It Through the Night,country,100.0,country|charley pride|60s|male vocals|Charlie Pride|For The Love Of Country|l12|Really Cool Oldies|Help me make|love4|c love|Gmix|imperative|pleas|I like it a lot|helping|im in love|Kris Kristofferson|colorized country|Nights|1|male vocalists|covers|oldies|Coundry|male
TRAYHSH128F92E4A6F,Scott Glasgow,Solemn,,,
TRAYXDI128F428CD9C,Kanye West,Skit #2 (Kanye West/Late Registration),,,
TRAYXBC128F427FDDB,Malefaction,Forever,,,
TRAYOAE128F4238D42,Chico,Have U Own Things,,,
TRAYMJB12903CB050F,Ashbrg,night shift,hip hop,100.0,hip hop|electronica|idm|creative commons|hamsterloco
TRAYYXC128F4254C91,T.O.K.,Saturday,raggea,100.0,raggea
TRAYYFF128F42450AF,Mariano Yanani,Could You Be Love,,,
TRAYYGT12903CB11CC,Scarlet's Remains,1492,deathrock,100.0,deathrock|batcave|transitglambat
TRAYAKN128F9330A65,Ghost Machine,What You Made Me (UGLI),metal,100.0,metal|heard on Pandora
TRAYBQF128F9344F59,Laidback Luke & Diplo,Hey!,House,100.0,House|electronic|dance|tribal techno|songs of 2009
TRAYNME128F92D1328,Syl Johnson,Diamond In The Rough,jazz,100.0,jazz|chicago
TRAYSLA128F9303069,Paul Thorn,Mood Ring,love love love this song,100.0,love love love this song|played on supernatural|gwd|dadsgirl
TRAYSVT12903CA4037,Gloriana,Bambenella d' 'o mercato,,,
TRAYFMQ128F4265974,Megadrums,Orbit,,,
TRAYFKN128F148C55A,Erick Sermon,Intro,Hip-Hop,100.0,Hip-Hop|stream
TRAYDSS128F423CE63,Gloria,All the Way,pop,100.0,pop|arabic
TRAYDTH12903CDA34B,Dj Icey,A Little Louder,,,
TRAYEKY12903D0128D,Burt Bacharach,I Still Remember,,,
TRAYELV12903CB3BEA,Primordial,Journey's End,pagan metal,100.0,pagan metal|doom metal|black metal|favorites|irish|Dark Metal and Stoner Metal etc|seen live
TRAYLOZ12903CF2EBA,Sharon Shannon,Summer Sands - Feat. Carol Keogh,,,
TRAYLKH128F427BCCC,W.A.S.P.,When the Levee Breaks,cover,100.0,cover|heavy metal|cover songs|hard rock|metal|90s|rock n roll|All time favourites|kick ass cover|WASP|rock|80s metal|metal cover|mr under-cover-me
TRAYGVP128F425EE25,Maysa,Eu E A Brisa (2000 Digital Remaster),,,
TRAYGBT12903CF5DF0,Salt The Wound,Mutations,deathcore,100.0,deathcore|zajebiste
TRAYTRC128F9352E61,Seamus Ennis,Happy To Meet & Sorry To Part,,,
TRAYKRH12903C9D2F5,Todos,Los Brillantes Ojos del Angel (sparked Angel Eyes),,,
TRAYKVH128F42AC993,Faithless,Mass Destruction,electronic,100.0,electronic|trip-hop|dance|Faithless|electronica|british|political|House|chillout|alternative|trip hop|trance|male vocalists|techno|00s|Socio-political lyrics|UK|music for a party|party|favorites|loved|downtempo|super|Mellow|nice|gw electro|greatlyrics|ambient|Good to dance to|favourite|ElectronicaDance|funky|vocal|chill out|groovy beats|77davez-all-tracks|vocal trance|euro|great lyrics|jezaus radijas rekomenduoja|Energetic|90s|dj|relaxed up|greatest electronic|electronic dance|music for grinding|Flya Electronica|favori|euro trance|spacealiens|Cant stop listening to it|Tranquila|the very best|night drive|xtr lg mojo|clementine|funk|Hip-Hop|english|groovy|electro|rap|sexy|lounge|Awesome|jazz-trance|electronic top|Ion B radio|Motivant|thickly layered production|good muzik|trippy soundscapes|a highly synthetic sonority|a knack for catchy hooks|makes me want to move my feet|alle tis goed voor een keer|buen tema|dominant rap hooks|Faithless - Mass Destruction|reggae-hop|new artist list|headbopping tunes|dawno|Taking no shit from the man|little onion|szelet|nhtp7 - beer safe music|copyriot|domin-hit|makes-you-wanna-sing-along|malloy2000 playlist - top songs - classical to metal|plons masa|soiree demain|humming|hip hop|falk|electrifying|Bela|favourite lyrics
TRAYQAI12903CBDD3D,Kat DeLuna / Akon,Push Push,,,
TRAYUNC128F92DE84B,Cross Country,In The Midnight Hour,,,
TRAYUEL128F4290B28,Roger Sanchez,Lost,House,100.0,House|dance|electronic|roger sanchez|deep house|club|electro|dj|Progressive House|Awesome|electronica|female vocalists|party|electro house|cool|vocal house|club house|vocal|awesome sound|favorites|Favorite|Energetic|sensual|2006|favorite-house|pop|club-dance|female vocalist|sexy|house music|roger sanchez-lost|chillout|Love|House Society|progressive vocal house|commercial artist|belenkas|cool dance tunes|dancemusic|Danceclub|My House Grooves|summer house|sintetika|sanchez|Hymne|best house|club remix|funky as hell|Simply House|deep vocal house|deadb3armusic|Roger SanchezLOST:|LolaLondon|Excessive Progressive House|gruha|egesz jo|house oth|calex|Heavy Electro House Mix|SutluCay|FRUSCIO - LA DIVISA DELLA SEDUZIONE|abanico en SPACE|martini glass|house pn|electronica pn|Octobersound|those-songs|zone-ru|house legends|brain2brain|featuring|mood music|Club Dance|Love it|DIsco House|00s|top 40|perfect|melodic|romantic|new york|happy|female vocal|Progressive|classic|favourite|trance|funky|easy listening|Mellow|club mix|SUT|dance please|affecting|defected|dance mix|club tracks|Dance and Electronic|hedonistic|Soulful house
TRAYUKJ128F933143E,盧巧音,Ma Zui,,,
TRAACLV128F427E123,Tim Wilson,I Think My Wife Is Running Around On Me (Taco Hell),,,
TRAACOW128F933E35F,Faye Adams,Crazy Mixed Up World,,,
TRAAJJV128F42A2F99,Bob Neuwirth,Biding Her Time,RockPop,100.0,RockPop
TRAAIII128F427D5D8,Donny Hathaway,Little Girl (LP Version),,,
TRAAHEQ128F93057B4,Eddie Cantor,Now'S The Time To Fall In Love,top hat,100.0,top hat
TRAAXPA128F92FC706,Carlos Núñez,Quiero Ir Ao Mar,,,
TRAAOYG128F9314996,Pery Ribeiro,Our Love Is Here To Stay,,,
TRAAOPW128F428AE31,React,Drunk Alone,,,
TRAAMSO128EF348DCC,L.A. Guns,Bitch Is Back,hard rock,100.0,hard rock|metal|hair metal|rock|80s|Glam Metal|classic rock|L.A. Guns|glam rock|80s rock|sleaze|80s metal|malloy2000 playlist - top songs - classical to metal|metal top|80s Heavy Metal|heavy metal|80s hard rock|sleazy rock|sleaze rock|hair|songs i love|80's|Cock rock|Hair Rock|rock n roll|sleazy|arena rock|christian metal|la guns|Los Angeles Sound|wesfave
TRAAMKW128F4249CF0,The Jordanaires,Sweet By And By,,,
TRAAMKI128F428537A,Hank Locklin,We're Gonna Go Fishin',country,100.0,country|oldies|50s|classic country|bestone|HANK LOCKLIN- wERE GONNA GO FISHIN|fH Projex|hibest|ik ben|FH referral|special to me songs
TRAAYNQ128EF35922B,The American Boychoir,"Stille nacht, heilige nacht",,,
TRAABJV128F1460C49,Lionel Richie,Tonight Will Be Alright,slowhand,100.0,slowhand|video killed the radio star
TRAANTD128F9323B23,Brixx,7 miles (original mix),,,
TRAADOF12903CAA1C1,John Hammond,I Can't Be Satisfied,,,
TRAADYB128F92D7E73,Eliane Elias,The More I See You,jazz,100.0,jazz|Bossa Nova|brazil|Mellow|female vocalists|The More I See You
TRAAEXM128F92D47C8,Edith Lefel,An ti chans',,,
TRAAWAD128F92FA59F,The Secret Life Of Teenage Girls,Carpe PM,,,
TRAAWVQ128F9313D31,Catherine Howe,Freedom Enough (From Silent Mother Nature),,,
TRAAZQW128F93430DC,Shawn Colvin,Another Long One,rock,100.0,rock|folk|pop|light|country|singer-songwriter|shawn colvin
TRAAGHM128EF35CF8E,Nadine Renee,Next Time,,,
TRAAGKF128F932D5A2,Smartbomb,Complicate It,,,
TRAAGGE128F9325E2C,Nick Cave and the Bad Seeds,She Fell Away (2009 Digital Remaster),,,
TRAAGMJ12903CAD7D4,Julien Clerc,This Melody (Live),,,
TRAAGKS128F9314884,Emperor,Opus a Satana (Part 2),,,
TRAATLC12903D0172B,The Irish Tenors,Mountains Of Mourne,,,
TRAATJK128F9339179,XCultures,Smile,female vocalist,100.0,female vocalist|mystic|Meditation
TRAATNJ128F42631BA,Korn,Ever Be,Nu Metal,100.0,Nu Metal|Korn|metal|alternative|Nu-metal|industrial|alternative metal|alternative rock|industrial metal|Soundtrack|Progressive rock|nü-metal|hard rock|blues|rock|Love it|i love his voice|SICmuSIC|Ever Be|Zoras Best|songs that rip out my fucking heart|seen live
TRAATIU128F4291A84,Mastodon,Shadows That Move,Progressive metal,100.0,Progressive metal|metal|Sludge|metalcore|sludge metal|stoner metal|rock|heavy metal|Mastodon|Extreme Metal|emotional|great|Mastadon|martini|promising|punishing|Boredome|Havrda|wiki|whalecore|ishtashko|progressive stoner metal|just throw the horns|garten metal|sck metal|Metal Friday|one flew over the cukoos nest|mightily|death metal|Melodic Death Metal|USA|american|progressive death metal|new wave of american heavy metal|post-hardcore|technical|NWOAHM|thrash metal|alternative metal|brutal|hardcore|Progressive Sludge Metal|shadows that move|Head Bangers Paradise|mathcore|MusicMonster88|One flew|experimental|prog
TRAAKTK128F9343DCC,Soda Stereo,Te Hacen Falta Vitaminas,rock,100.0,rock|ska|186 bpm|rucks es|on vacations|I dance alone to this song|crazy sexy rock n roll|rockear es|alocandonos|brincar|gusta|bailar|1984|Rock en Espanol|bass|chalaman|pop|funk|80s|Rock Argentino|soda stereo|Rock Latino|Soda Estereo|rock en español|TE HACEN FALTA VITAMINAS
TRAAQUF12903CDF4A4,The Willis Brothers,Give Me 40 Acres (To Turn This Rig Around),country,100.0,country|male vocalists|Trucker Country|male vocals|60s|oldies|trucking|hman-18wheelspecial|Nolls-List
TRAAQYU12903CE68CE,Boogie Pimps,Get Back Down,,,
TRAAQUC128F9322A82,The Gone Jackals,Not Buried Deep Enough,biker rock,100.0,biker rock|full throttle
TRAAUWD128F930DD4E,Jimmy Wakely,Beautiful Brown Eyes,,,
TRAAVKY12903CBBB93,Frank Chacksfield,Someone to Watch Over Me,,,
TRABCFL128F149BB0D,King Curtis,A Whiter Shade Of Pale (Live @ Fillmore West),jazz,100.0,jazz|blues|Soundtrack
TRABJOT12903CD66AA,George Lopez,Only for the Young,,,
TRABJIA128F14B189F,Azis,ANTI GEROI,bulgarian,100.0,bulgarian|AZIS|sexy swingers|robertitus global|chalga|Musica Bulgara|fierce tranny|Choli Ke Peeche|Redlens Chalga|balcan|balkan|pop-folk|Gypsy|Pop Folk|Indian|Fusion|best|world|party|pop|worst thing ever to happen to music|jjjj|foolish|orospu cocugu|give mi
TRABHTQ128F92DB038,Charanga Forever,Tumba Tumba,,,
TRABHVL128F92EFB0E,Bullet For My Valentine,Suffocating Under Words Of Sorrow (What Can I Do),metalcore,100.0,metalcore|metal|hardcore|rock|emo|emocore|bullet for my valentine|screamo|heavy metal|alternative|5-star|<3|FUCKING AWESOME|post-hardcore|suffocating under words of sorrow|welsh|i love this band so much|punk rock|alternative rock|favorites|Play this loud enough to raise the dead|superpizdec|favorite songs|alternative metal|sends shivers down my spine|Awesome|Way my favourite in the fucking world|BFMV|Soundtrack|bullet|whatevercore|metalcore metal|what can i do|Welsh Metal|Metawesomeness|songs to sing|heavy melodic|i wanna masturbate when i hear dis riff|SAW III|Z3PO like this|Melodic NuMetal|Song bout a girl|profile song|gosto mto|4 teena 4|aspero|mats best|dj rouge|false lyrics|sjysst lt|thablackphoenix|barmherzigkeit|luckes|Toyo-Touren|Bullet for my valentine - suffocating under water|Bullet For M Vallentine|thrash metal|death metal|Nu-metal|UK|powerful|Favourites|melodic metal|sweet|british|Good Stuff|British Metal|british rock|Progressive metal|melodic hardcore|00s|songs to download|SAW|Fuckin AWESOME|trapped|pure awesomeness|emo and stuff|Guitar Solo|Poison|special|Emo and Screamo|hard rock|melodic metalcore|guilt|seen live|Random1|bullet for my valenteine|punk|pad music|Grunge|Ja|super
TRABHFK128F92F1271,Leonard Kwan,Hawaiian Chimes,great stuff,100.0,great stuff
TRABONG128EF36206F,Barbarito Diez,Flores Negras,,,
TRABMJH128F931DF5D,Kinky,My Bonnie Lies Over the Ocean,,,
TRABMYD128F428BD38,Shriekback,Reason With The Beast,,,
TRABAZH128F930419A,GLAD,Blessed Assurance,christian,100.0,christian|hymn
TRABAXV128F92F6AE3,Eddie Calvert,Erica (2005 Digital Remaster),,,
TRABNEX128F92C9DEA,Kings of Leon,Knocked Up,rock,100.0,rock|indie rock|indie|Southern Rock|kings of leon|alternative|alternative rock|american|00s|beautiful|favorites|Garage Rock|Love|Mellow|im gonna be her lover|catchy|2007|love at first listen|have to see live|best album openers|SADNESS AND THE CITY|Alternative Country-Rock|chill|i fucking love this song|Soundtrack Of My Life|male vocalists|Awesome|amazing|oh how i love this song|<3|what would jesus listen to|Favorite|Rock - Contemporary|melancholy|somehow this makes me feel better when im upset|songs i would drive to if i had a car|god: thank you for this song|MBO|songs I fucking love to death|stuff I should be able to inject directly into my blood|Alternative  Punk|Tennessee|Song for rainy day|Driving|songs that you wanna listen to over and over again|songs that i will still be listening to in a billion years|genius|naturally|Favourites|infectious|blues rock|epic|guitar|male lead singers with sexy voices|kol|whistling|foot-tapping|waking up|songs from the soundtrack of my life|song of my life|on the road|best of 2007|great guitar|great songs|male vocalist|wake up|punk|summer|chillout|alt rock|USA|favourite|pop|cool|country rock|long driving|my drum songs|Rockstars|deutsch|Rock and Roll|post-punk|Indie-Rock|my love|Aggroschlager|us|road|guitar rock|matko boska ta piosenka jest boska|tierpark|takes me there|good|Nur mit Dir|Brit indie|Love it|american trad rock|Maccabees|great stereo effects|Kings Of Leon - Knocked Up|Nashville|leapsandloved
TRABNQN128F4271546,Los Originales De San Juan,Librado Maldonado,,,
TRABNET128F14560AC,J.J. Cale,Trouble In The City,blues,100.0,blues|singer-songwriter|rock|guitar|classic rock|blues rock|rockin|music|jj|jj cale|double-ender 9|Trouble in the City|freakey stylish
TRABNDD128F933D3C7,Sister Hazel,Walls And Cannonballs (Album),,,
TRABSVZ12903CD9E8C,Marcus Miller,Your Amazing Grace (feat. Raul Midón),,,
TRABFGJ12903CF6A75,Eddy Arnold,Just A Little Lovin' (Will Go A Long Way),country,100.0,country
TRABECY128F93317AA,John Wesley,Disappeared,rock,100.0,rock|mi
TRABLHU128F1473B67,Baby Huey & The Baby Sitters,California Dreamin' (LP Version),soul,100.0,soul|My girl|baby huey
TRABLVP128F426EE4A,B.A.D.,Interlude,,,
TRABPYJ128F92DA476,Chéco Feliciano And Joe King,Nina Nina,,,
TRABZOP128F9316E24,Franz Ferdinand,Eleanor Put Your Boots On,indie,100.0,indie|rock|indie rock|alternative|franz ferdinand|britpop|british|alternative rock|Scottish|piano|00s|favorites|post-punk|brit rock|beautiful|Mellow|Britrock|new wave|indie pop|UK|pop|2005|brit pop|relax|melancholic|lovedbyale|Love|eleanor|favourite|Favourites|warm|Franz|Ballad|pop rock|genius|Favourite Songs|Brit|makes me happy|Awesome|hard rock|names|lovely|scotland|Beatlesque|melodic|favorite songs|pretty|4 Stars|cute|chillout|acoustic|beatles|relaxing|smile|british rock|glasgow|lalala|cute songs|english|the best|loved|pop - rock|sad|good|slow|alternative-rock|one of those songs I cannot stop listening to|Shizzle music|nice day|New British Invasion|Boots|Favorite|Chillingly nice|indie  rock|franz ferdinand songs with girls names|mmm mmm good|eleanor put your boots on - franz ferdinand|scottish indie|You Could Have It So Much Better|my favourite song of Franz|calm|magic|classic rock|songs for a girl|sunday morning|nice|major key tonality|god yeah|very me|favorite on this cd|trying to quit|catchy like no other|cudowne|a breathy male lead vocalist|angry-romantic lyrics|mitica|canciones para el dia de mi muerte|franc|mal wieder alles grau|makes me think of alexa
TRABZSI128F9329184,Der Moderne Man,Heute,,,
TRABGIJ128F92F5EC8,Pat Travers,As My Fire Flies,,,
TRABGLK128F9338730,Snow Patrol,We Wish You A Merry Christmas,,,
TRABTXS128F92E2FDC,Zeromancer,Ammonite,industrial,100.0,industrial|industrial rock|norwegian|my dream|painful|story of my life|silver|green|grey|synth rock|Synth-Rock|Black|Favorite|beautiful|sad|Awesome|rock|seen live
TRABQVM128F92F7544,Stars Like Fleas,You Are My Memoir,Experimental Rock,100.0,Experimental Rock
TRABUCZ128F424163A,Green Day,"Wake Me Up When September Ends (Live At Foxboro, MA 9/3/05)",rock,100.0,rock|punk rock|punk|alternative|political|green day|tripko|green day-wake me up when september ends|simplesounds|krycucha|Rock Balladen|de chorar|00s|California|melancholic|favorites|alternative rock|hard rock|pop|Ballad|Wake me up when september ends|live|Favorite
TRABUIN128F93022FF,Skold vs. KMFDM,Alkohol,industrial,100.0,industrial|industrial rock|ebm|alcohol|drugs|dance|snogs good to drunk with|sngs goot to drunk with|tsanreiki|quanta records|31ric|recreational drug use|All time favorite songs|kmfdm|FUCKING AWESOME|electronic|just evil|SVK|DarkGoth|bloody mary mornings|New Orleans|00s|electro-industrial|party|DarkLight
TRABUGO128F424E920,Chico,Curvy Cola Bottle Body,,,
TRABVIH128F92EDCDA,Jude Taylor & His Burning Flames,The Thrill Is Gone,,,
TRABVQT128F422AF10,T-Bone,Don't Tell Me,,,
TRANHQG12903CF5C15,Fudge Tunnel,Spanish Fly,rock,100.0,rock|sludge metal|metal|Grunge|alternative metal|industrial metal|post hardcore
TRANHMQ12903CA12E8,Tony Martin,Ebb Tide,male vocalists in radio TV and film,100.0,male vocalists in radio TV and film
TRANOPO128F4217958,Bukka White,My Baby,,,
TRANOKE128F42703A6,Sugar Minott,Try Love,roots,100.0,roots|reggae|dancehall|roots reggae|lion|SUGAR MINOTT|chill out dub|moses reggae
TRANMSK128F4234DD8,Frankie Negron,Comerte A Besos (Bachata Version),bachata,100.0,bachata|latin|male vocalists|esther|salsa romantica|frankie negron|baciatatatata|salsa lovley songs
TRANMYD128F428AD0B,React,Fabrication,,,
TRANRGH128F930779A,Danny Williams,Stay Awhile,,,
TRANRTT128F9347342,Nerf Herder,Pantera Fans In Love,punk,100.0,punk|rock|comedy|geek rock|catchy|Nerd Rock|and you can sing along|reminds me of boys ive liked or kissed|good lyric|Geek Punk|making out|loved|silly|Buffy|pop punk|love songs|Awesome|all the best|favorites|best songs of the 00s
TRANYYX128F4276EE3,Wyclef Jean,Something About Mary,Hip-Hop,100.0,Hip-Hop|wyclef jean|reggae|rap|high as a mothafucka|feel good raggae|rnb|songs about weed|This Track Rocks|songs about drugs|marijuana|norml|super cres|crescent fresh tunes mix|time to toke|my hot list|gtg: RnB Dance|light hh|magic hh|blubberle|work jams|Sommar|my life soundtrack|hip hop head|vibes|sick|r&b|Favorite|summer|dance|wyclef|rhythm and blues|rock
TRANYLM128F1477EC9,Ben Jelen,Wicked Little Town (Album Version),chill,100.0,chill|Movies
TRANAYU128F4252987,The Jackson Southernaires,Jesus Can Work It Out,Contemporary Gospel Tag,100.0,Contemporary Gospel Tag
TRANADU128F9345BC8,CeCe Winans,The Wind (Tears For You),,,
TRANALJ128F9318BAF,Doyle Bramhall,Ooh Wee Baby,,,
TRANNCZ128F92F1D22,The All-American Rejects,Jack's Lament,cover,100.0,cover|Soundtrack|movie soundtrack|2008|Love|covers|nightmare before christmas|good music|favs|The Offspring|The All-American Rejects|names|jack|del putas|dimplex
TRANNLE128E07871BF,Viktor Krauss,Side Street,,,
TRANSLD12903CE137C,Jean Carignan,Bank,,,
TRANSGS128F9303A11,Charlie Peacock,Down In The Lowlands,jazz,100.0,jazz|christian rock|inspirational|Neil Diamond|easyrock|greenbelt festival|charlie peacock -down in the lowlands
TRANSVK128F423842C,The Dylans,I Hope The Weather Stays Fine (Remix),,,
TRANFDB12903CD486C,George Lopez,Dogs,Best Stand-Up Comedy,100.0,Best Stand-Up Comedy
TRANDEK128F4259EBC,The Clash,Lose This Skin,punk,100.0,punk|british|rock|the clash|77davez-all-tracks|80s|alternative|Sandinista|80's|power|folk punk|weird but great|the clash rules|so true lyrics|songs i love to sing|folk|songs to sing along with|connections|drammatically beloved|booya|since the first time|glowing|I played this on fm radio|snupin|hp fanfic soundtrack|the word this|the word lose|the word skin|great requests I received as a dj|my autumn of 07|Another reason to live and love|dakos hall of fame|rock n rollickin|77davez-loved|Uplifting|indie|vocal|good|UK|punk rock|Awesome|violin|dramatic|Energetic|Irish Folk|1980|Down|Love it|male vocalist|magnificent|LOVE LOVE LOVE|Crank it up a little|body parts|snape|Solomusika-Loved|tymon dogg
TRANEYV128F4269032,Keb' Mo',I Am Your Mother Too,,,
TRANELD128F4250FCF,Flora Purim,Latinas,,,
TRANLIQ12903CF98AE,Vickie Winans,You Turn Me,,,
TRANPRZ128F92FD7B1,Huey Dunbar,Sin Poderte Hablar,want,100.0,want|huey dunbar-sin poder hablar
TRANWZE128E078EE09,Nirvana,School,Grunge,100.0,Grunge|rock|Nirvana|alternative|90s|alternative rock|punk|seattle|hard rock|punk rock|school|Kurt Cobain|80s|Garage Rock|canciones inmortales|indie rock|77davez-all-tracks|favourite|acordes geniales|h202|american|heavy|mister cobain|1980s|All time favourites|dark|FUCKING AWESOME|indie|great song|male vocalist|first|b-side|best band|dpluscoop|90coop|favorite nirvana songs|Unbeatable|fistik ezmesi|mighty tracks|solos increibles|favorites|USA|rockin|classic rock|live|nystaciapuntonet|alain123|notlive|javajustice|top2coop|US 80s-90s Post-Hardcore Racket|uninfluenced nirvana|hairbrush singing|infant school|S T|subelamusica|bibibi|school-N|alternative top|curdt|heavyweight|best live song ever|hermoso tema|TEMON|sound storm|With Style|makes the heart beat a little faster|peteton|the sound of the essential|amo este tema|art class|gym songs|lando alt 1|NIRVANA-BEST OF|THIS was Nirvana|Scaremongering|tercat goes to high school|hermosa letra|transitglambat|hermosa melodia|with the lights out|live nirvana|NO RECESS|v3dd3r|UKass|Dissaor|lol teh savior of rock|ravta|wanna tag it with an exclamation mark|My Grunge Site of Life|facebook gbarberi|ape nostalgia|90s at their best|5858796|you in my school again|ip:|firstmansharp|leapsandbounds favorite songs|lirilir|fighting dogs
TRANZIL128F42A2670,Dolly Parton,Light Of A Clear Blue Morning,country,100.0,country|life|female vocalists|female vocalist|Uplifting|1975-9|start again|beginning to see the light|be alright|keep fighting|start over|stuff I love|alright|new beginning|good morning|light|boppy|morning|country pop|me|american|Alt-country
TRANZHO128F4289A58,9th Wonder,Saved,9th wonder,100.0,9th wonder|underground hip-hop|music with a message|rap|hip hop|2007|Sixhole Records|clasSICKhiphop|Hip-Hop|stream
TRANZIC128F931CE6D,Cabin Crew,Can't Stop (Mind Electric Remix),trance,100.0,trance|pop|House|dance|techno|electro|club|euro dance|electronica|electronic
TRANZTY128F424D794,April Wine,Caught In The Crossfire,april wine,100.0,april wine|classic rock|songs of ice and fire|Kicking ass and hard as a rock|the word in|the word catch|the word fire|the word cross
TRANQYI12903CA2BA9,Taking Dawn,Black Diamond,,,
TRANQDN128F425EEEA,Tito Puente,"Carnival (From ""Black Orpheus"")",,,
TRANQKF12903CDEC7A,Gustavo Santaolalla,Endless Flight,Soundtrack Of My Life,100.0,Soundtrack Of My Life
TRANUNR12903CE6E2E,Terry Callier,Occasional Rain,jazz,100.0,jazz|soul|70s|late night|good mood|najz|Mellow|jazz funk|freedom|terry callier|jazz female vocalist tag
TRANUME128E0789D4C,Fountains Of Wayne,Janice's Party,power pop,100.0,power pop|rock|alternative rock|songs that remind me of books
TRANUUK128E0788284,Abracadabra,Otra vez,,,
TRASCXB128F423D3E7,Willy DeVille,Runnin' Through The Jungle - Shootin' The Blues,,,
TRASHAE128F933915A,Sportsguitar,Fish,,,
TRASXHB128F933D3BD,The Mighty Mighty Bosstones,They Came to Boston,ska punk,100.0,ska punk|ska|90s|Coldplay|Ska-Core|skacore|Otto von Schirach|my freshman year|Altar of the Metal Gods|Altar of the Metal Gods Black Metal|Altar of the Metal Gods Technical Death Metal
TRASOQY128F92FEC9F,Tito Rodriguez,en la soledad,bolero,100.0,bolero
TRASRBP12903CA768B,Wade Ray,Idaho Red,50s,100.0,50s|western swing
TRASAKZ128F934A412,Like A Tim,Catch Me,,,
TRASAGX128F4262E28,The Vaughan Brothers,Hillbillies From Outerspace,blues,100.0,blues|blues rock|stevie ray vaughan|instrumental|guitar|rock|allboutguitar|classic rock|guitar virtuoso|road trip|Karlsruhe|cool drive|Radio Karlsruhe|Gitarrenunterricht|radio berlin|udoblues|RADIO5620 SOUND|the evening shadows|my blues room|Jimmie Vaughan|texas|happy|electronic|classic
TRASBCH128F93369B6,Black Sheep,Novokane Groove,hip hop,100.0,hip hop|chill|underground|underground hip hop|True Hip Hop|old school feel|STRICTLY FOR THE UNDERGOUND|da real underground new skool hip hop
TRASNLH128F421FFEC,Roger Reynolds,"Binaural Presentation - Process and Passion, Pt. 4",,,
TRASNRV128F931AE2E,Nine Inch Nails,Sin,industrial,100.0,industrial|industrial rock|electronic|NIN|rock|alternative|nine inch nails|alternative rock|80s|trent reznor|electronica|industrial metal|metal|90s|sex|loved|sexy|angry|ebm|77davez-all-tracks|Love|Gothic|hard rock|songs to play when you hate everyone|sin|goth|reason and control for my purity you stole|1989|favorites|USA|dark|favorite songs|music for working out|new wave|Energetic|hate pop catharsis|genre: electronic|cool metal|BDSM|Ohio|Mint|3 and a half stars|energy fix|I fap to this|live|favourite|80's|american|jogging|aggressive|a clear focus on recording studio production|subtle use of strings|extensive vamping|repetitive melodic phrasing|hard rock roots|an aggressive male vocalist|prominent drums|4 minute madness|reminds me of winter|turquoise|a gravelly male vocalist|pakko hailata|tuplat|booboosseenthemlive|this fucking rox|black plastic|SchwarzerAbt|reipasta|Niezle|best of industrial|use of techno synths|an unintelligible vocal delivery|angry lyrics|kedvenc|Favs Of Nocci|BETTY X|hatred|80s electronic|heaven and hell|Gov FM|LongDayEdition|best memories|never enough|Fuck your God|wasted music|tommyLikes|dopamine|teh snexx|4-5|Der Missionar: Nine Inch Nails|vv|USER Picks|the boy|Atmosfera|kinky bondage fun|tempting|Fav 80s|mac essentials|electronica influences|minor key tonality
TRASNPV128F92F9771,Nana Caymmi,Visão,female vocalists,100.0,female vocalists|mpb
TRASFQT12903CAAF5C,Roger Williams,Around The World,,,
TRASFDP12903CD475A,20/20,So Many Reasons,Sousaphonic AOTM 201102,100.0,Sousaphonic AOTM 201102
TRASLVK128F935046C,Gustavo Cerati,La excepción,rock,100.0,rock|Rock Argentino|rock en español|gustavo cerati|alternative|Latin Rock|Rock en Espanol|para dedicar|latin alternative|rock en tu idioma|rock in spanish|pop|Alternativo|soda stereo|en espanol|rock alternativo|Great Lyricists|design|sudamerican rockers|rock latinoamericano|Rock En Espaniol|argentina chida|la excepcion|para cerrar los ojos|concerts i went to|vista en vivo|rock me babe|makes me wish a boyfriend|rock tops|llevame a un lugar con parlantes|cancion con sentimiento|latin grammy nominated|hard rock|singer-songwriter|electronic|alternative rock|party|favorites|Rock and Roll|Favorite|relax|latin pop|latino|Pop-Rock|rock argento|rock-pop|poprock|Love it|lounge|Spanish Rock|Allure|argentinos|Rock Latino|seen live|spanish|fiesta
TRASLMY128E0782D6A,David Bowie,Moss Garden (1999 Digital Remaster),instrumental,100.0,instrumental|Space Ambient
TRASPDG128F1489FAF,Cinder,Seven (Album),Cinder - Seven,100.0,Cinder - Seven
TRASPQA128F4273D22,Dijous paella,Que Arribi L'Estiu,rumba,100.0,rumba|song about summer|tv theme|catala|rumba catalana|remember that passed summer
TRASWPD128F42B4F7B,Rihanna,We Ride,rnb,100.0,rnb|Rihanna|pop|female vocalists|Hip-Hop|r&b|soul|dance|we ride|we ride by rihanna|Love|sexy|RB|TiPPaRaDe|reggae|hottie|summer|nice|cute|catchy|melancholy|comforting|my music|energy|r'n'b|A girl like me|urban|2009|00s|good girl gone bad|Remember|calm|female|smooth|roc-a-fella|beautiful|UK top 40|clean|riiiiiide|heart ache|female pop|Sommer|JAMZ|my memories|new-likes|songs that make me cry|the best of|def jam records|fucking hurts|sad day|slowjamz|13|ls|we|gediegen|usa hot dance club play number one hit|yuan you hui|ovanani|xMizz RecklezZx|addictive like woah|sweetncatchy|doda d|gresiu fav|gjamr|loved tracks ocam|female pop rock ocam|We Rdie|crowe|2011|alleys music|Lovesick Melody|hiphopimpaa|muza corci|ship life-laundry|Soul voices|gia tunes|lucipro|nights out in Dijon|dance and dj|my parties|top|dreams|Self|great lyrics|slow jams|gut|international|sunny|Black|me|dance-pop|southern rap|NYC|divas|sweet|Favorite|san francisco|upbeat|rhythm and blues|favorites
TRASWFP128E0789E6C,Emperor,Alsvartr (The Oath),black metal,100.0,black metal|Symphonic Black Metal|Norwegian Black Metal|metal|atmospheric|melodic black metal|True Norwegian Black Metal|true black metal|melodic metal|symphonic metal|dark|norwegian|nocturnal|Atmospheric metal|atmospheric black metal|evil|intro|Norway|Post-Black Metal|norsk arisk black metal|Emperor|symphonic black|Atmosphere|fucking viking dominance|scary|instrumental|sick sick atmosphere|second wave black metal|andrea big success|Edmundo|Conchobhar|Pavao|headbangers ball|1st wave black metal|4|heavy metal|best intro ever|progressive black metal|mystic|Extreme Metal|Dark metal|Dead|Athmospheric|melancholic|Marduk|doom metal|fantasia|good black metal|perfect intro|beloved|instrumental intro|very well made|good track for a horror movie|Progressive metal|synth|obscure
TRASZSF128F428B8F3,Charley Pride,(I'm So) Afraid Of Losing You Again,country,100.0,country|colorized country|beautiful|my favorite|great song|classic country|jo|hotbest|gmix14
TRASGLA128F147F4F6,Chris Eaton,All Or Nothing,British Christian music,100.0,British Christian music
TRASGOE128F42328B4,Olga Tañón,Ojos Negros,,,
TRASQHA128F4280A1D,Steve Vai,The Attitude Song,guitar virtuoso,100.0,guitar virtuoso|instrumental|Fly Soar Rock and Dream|instrumental rock|guitar|Horns Rhythms Voices|Toth|rock|Steve Vai|Awesome Guitar Jams|tott|Guitar Hero|Progressive rock|chris frazier|xtph early|t5rrock|dexterity|Stuart Hamm|emperormagus|burst a blood vessel listening to it|guitar virtuose|Kicked My Nuts|Shred|Basically Bass|live|gargantuan riffage|i just roffled my waffles|str1ngs|gets me in the mood to par-tee down|music that makes your head explode of amazement|puro rock|Officially NOT shit|underrated|awesome guitarist|songs I like but that most people do not understand|particularly hairy music|Vai|instrumental metal|1997|G3|1980s|sufu5a|polyrhythmic
TRAFJJJ128E078E0B8,Kraftwerk,Elektro Kardiogramm (Live),electronic,100.0,electronic|german|electronic music|Elektronik|kraftwerk|kraftwerk - elektro kardiogramm
TRAFJYB128F9311212,Static-X,Love Dump (Clean Album Version),,,
TRAFIBT128F92FA8DE,Tito Rodriguez,LA PIEL DE TU ALMA,,,
TRAFXSM128F92E5541,Naseebo Lal,Dil Naheen Lagda,,,
TRAFOHK128F425F232,Paul Rodgers,Alright Now,blues rock,100.0,blues rock|ls
TRAFMEJ128F4284652,The creeps,I'd better start running,rock,100.0,rock|pop
TRAFYYU128F4229376,Every Time I Die,Depressionista,77davez-all-tracks,100.0,77davez-all-tracks|metalcore|hardcore|screamo|mathcore|metal|Southern Rock|punk|emo|00s|baby stompin music|10-7
TRAFYRO128F42ACFC7,Talvin Singh,Traveller,chillout,100.0,chillout|ambient|electronic|world|Asian Underground|electronica|downtempo|orchestral|british|ethnic|lounge|instrumental|chill|beautiful|alternative|big beat|Dreamy|groovesalad|symphonic|world fusion|relaxing|chilled|india|experimental|Fusion|cosmicgypsy nightflight|eastern|Asian|MM|star m|exotic|brilliant|5 Star|unxp|BB-Lounge|outstanding text|magic male voice|talkmusiktome|exotix|exp art|meabsolutfav|10p|nujaz|postcolonial|worldfusion|ney|talvin singh|somafm|carmen sandiego|melodica electronica|nice|Favorite|relax|flute|Drum and bass|violin|90s|melancholy|mylounge|River of Gods|viaja|a whisper in water|Asian ambient|gwynplane|ghpj|twinkles|likemyspleen|the silk room|Ouahhhhh|ion b chill station|Mamma G Electronica|Ion B radio|life is easy|college-y|rock and sand|epic|zeitlos|between the sheets|trip-hop|mind-melting|music to play at the beach on a warm summers night|Favourites|the most beautiful songs mrsblack ever heard|monkeysun|lastfm slightly chilled radio|chill out|arabian wood|favourite|night|dance|rt3|multicultichill|multi culti world|code4d fusion|xquizt|wellen-landschaft|elastisch|contemporary classical|ahah:|travel-friendly
TRAFAAS12903CF0BE2,Moonspell,Tired,Gothic Metal,100.0,Gothic Metal|Dark metal|metal|Gothic Doom Metal|taip4n choose|moonspell|lusitanian metal|Portugal|great lyrics|portuguese|Favourite bands|ethereal|Gothic|favorites|symphonic metal|Female fronted metal|heavy metal|Hollindos|sentyment|GOTHIC donn|nice stuff|Blackberlin|nice|alternative
TRAFBYD128F424ECD2,Bill & Gloria Gaither,Holy Ground (Homecoming Hymns Version),,,
TRAFNEI128F1458CAA,Brand X,Hate Zone,Jazz Rock,100.0,Jazz Rock|Fusion|77davez-all-tracks|fusion jazz|party|funky|Brand X - Hate Zone|fusion synth|synthysizer|1ipod|shebang|funk your ass up|xap up|XAp|Hectic|badass|jazz|jazz-rock|party music|modern jazz|late night|danceable|instrumental|Progressive rock|acid jazz|Jam|for styxxx|jazzetc
TRAFFKV12903CE29B5,Glen Washington,Your Love,,,
TRAFFEQ12903CF4356,The Ocean,Catharsis Of A Heretic,Progressive metal,100.0,Progressive metal|Sludge|Post-Metal|Progressive Sludge Metal|seven eight
TRAFEJT128F4252BF1,Gloria,If Music be the Food of Love,,,
TRAFLNZ128F92FE8CB,Memphis Sheiks,Ramblin' On My Mind,chillaxe,100.0,chillaxe|bobby boom boom|music clint might play in play misty for me
TRAFLAR128F427FE8D,Spliff,S.O.S.,german,100.0,german|NDW|sos|sakartwelo|perlen deutschsprachiger popmusik
TRAFPQG128E07870D6,Gustavo Santaolalla,La Vuelta,acoustic,100.0,acoustic|instrumental|Soundtrack|folklore|instrumentease
TRAFPIX128F42369C3,DJ Taz,C.O.G. To The ATL,,,
TRAFWOX12903CC1FA8,Lore,Pluvialus,,,
TRAFZHK128F145E86B,Lifer,Boring,rock,100.0,rock|hard rock|Nu-metal|Nu Metal|alternative|alternative rock|rapcore|00s|boring|lifer|3-star
TRAFKTU128F4234726,Bill Perkins,Swing Spring,,,
TRAFQFD128F9343706,Diesel Boy,Pocket Full Of Stars,,,
TRAFQJT12903CF4891,Ol' Dirty Bastard,Hippa To Da Hoppa [Explicit Version],,,
TRAFUWI128F934C730,Gwar,Surf of Syn,metal,100.0,metal|thrash metal|spring|Avantgarde Metal
TRADJFK128F92FB281,statues,There Are Things I Think You Should Know,Canadian,100.0,Canadian|punk rock
TRADIYD128F14656A6,Penguin Cafe Orchestra,Bean Fields (Live) (2001 Digital Remaster),burlesque,100.0,burlesque|iahs folk
TRADHYQ128F427095F,Peggy Zina,Alli Mia Fora,Greek,100.0,Greek|pop|female vocalists|Fabulous|powerpop|great song|balkan
TRADOZB128F42312BB,Cool for August,Don't Wanna Be Here (Album Version),,,
TRADOEY128F42974FF,Irwin Goodman,Liverpoolin pokia,iskelma,100.0,iskelma|huumoria
TRADOWO12903CD9BA2,Marty Robbins,Have Thine Own Way Lord,,,
TRADRTD128F92DA070,The Forms,Innizar,,,
TRADYHB12903CDB200,Les Bantous de la Capitale,À mon avis,,,
TRADYUQ128F421A896,Bob Margolin,No Consolation,blues,100.0,blues|Slide|white man blues
TRADYNL128F148FE5F,Paula Santoro,The Girl From Ipanema (Garota De Ipanema),jazz,100.0,jazz|brazil|Bossa Nova|songs with place names
TRADYJM128F427E05B,Luis Alberto Spinetta,Verde Bosque,,,
TRADASY128F92FDD54,Frederik,Dornröschen war ein schönes Kind [Karaoke],,,
TRADNRU128F428AC6D,Bad Religion,Doing Time (Album Version),punk,100.0,punk|fridai
TRADNPB128F423AEE7,Modeselektor,Tetrispack,electronic,100.0,electronic|dub|lounge|downtempo|reggae|techno|electro|breakbeat|raggae|ragga beat|ragga tech|Robot Walkabout|heard on Pandora
TRADNRG128F4295A0E,Kris Kristofferson,Darby's Castle,country,100.0,country|CHRIS KRISTOFFERSON|great|memory|names|sooz countrymen|favorites|songwriter
TRADSIB128F93177AB,The Clancy Brothers,Marie's Wedding,,,
TRADSHI12903CA79CB,Arc Angels,Nadine,,,
TRADFLS128F9308E1D,Chelsea,Right to Work (Live),,,
TRADFII128F931FC9F,Metallica,The End Of The Line,thrash metal,100.0,thrash metal|metal|heavy metal|metallica|rock|hard rock|death magnetic|00s|2008|american|FUCKING AWESOME|heavy|The End of the Line|USA|trash metal|line|2000s|where have you been for the last 20 years metallica|heard live|amazing|male vocalists|acordes geniales|yeaaahhhhh|favorites|makes me mosh in front of my pc|holy shit i will never play that fast|rage|bassssss|songs i have to air drum|addictive chorus|best fucking intros ever|toe-tapping favorites|meaty beaty big and bouncy|myk metallica|engambament flavour|we are not worthy|stephsfavs|2009|2000s metal|seen it live|I love this songs|outstanding track|headbangers ball|Seelenfutter|sdjalma|Seven minutes or more|theyre coming to take me away hehee|red hot chili peppers copy|noremorse|like submarine|love the cry baby solo|byloby bardzo dobre gdyby nie spierdolone wstawki a tak jest takie sobie|welcome back metallica|what the hell metallica|i cant hate this song i really cant|solos increibles|FOCK YES|songs i have to air bass|time to start windmilling|hetfield is god|before i die i want to hear this song|ulrich is metal|trujillo is a BEAST|best fucking endings ever|songs i have to sing|songs i have to air guitar|i seriously have no reason why i like this song i just do|headbanging music|unknown|Workout music|Masterpiece|progressive thrash metal|good shit|american metal|vocals|good songs|California|old school|los angeles|loud|epic|thrash|speed metal|metalcore|alternative|Progressive metal|great|RAWK|guitar|MOSH MOSH MOSH|Super solo|can play on guitar|2000s rock|Hell ya|Speed/Thrash Metal|amazing solo|i fucking love this song|americain|45|mosh pit
TRADFID128F4267231,Silverchair,Cicada,Grunge,100.0,Grunge|rock|alternative rock|post-grunge|90s|Post Grunge|alternative|favorites|90s Rock|hard rock|australian|songs I absolutely love|sacredsummers|so great|grunge clasico|gruge|SICmuSIC|alltime fave songs|partyish|The rhymings cute and the musics really good|90s 90s 90s power|musste mal gucken|rocks ass|like the title|Torquemada|Fuckin AWESOME|silverchair|sing it|voices|Love it|awesome voice|excellent|catchy|essential|drums|Favourite Songs|guitar|animals|favorite band|spring
TRADLCP12903CB64FC,Pyrolator,Gold & Silber,german,100.0,german|new wave|postpunk|deutsch|interesting|neu|Like It Or Not|cool old electro|perlen deutschsprachiger popmusik|I want back to the 80s
TRADZGK12903CF4512,Pamelo Mounk'a,On ne meurt qu'une fois,,,
TRADZXK128F429DB92,The Killers,Show You How,rock,100.0,rock|indie rock|alternative rock|indie|alternative|Psychedelic Rock|The Killers|Love|Eargasm|Killers|the killers show you how|Favourite Songs|Favorite Bands|fav|21st century|Rad|00s|Erotic|love at first listen|Mellow|electronica|e-motion|the very best of 2000 - 2010|Music From the OC|mypoprock|Makes Me Smile|indie rocks|pretty nice|cancion estupendamente bacanosa y rica|pligaa|favorite on sawdust|reminds me of friends|the killers-show you how|the killers rulez|into the groove|natillita|love first time|Alternative  Punk|Almost as good as The Smiths or Morrissey|modern psychedelic rock|cool|Awesome|favorites|american|happy|Favourites|chill|Favorite|amazing|cute|sweet|catchy|brit pop|favorite song|boys with guitars|las vegas|b-side|delicious|Post-punk revival|britpop|FUCKING AWESOME|2007|taggg|United States|zizzou|2005|chillout
TRADZQV128F14A5760,Little Eva,The Loco-Motion,oldies,100.0,oldies|60s|pop|female vocalists|soul|1962|Rock and Roll|rock|Little Eva|Rolling Stone 500 Greatest Songs of All Time|golden oldies|dance|american|girl group|loco-motion|50s-60s jukebox|the ronettes|Loco Motion|60s pop|60's|sixties|rock n roll|Retro|catchy like drug-resistant tuberculosis|masked marvel|i am a party girl here is my soundtrack|funk|female vocalist|classic|evf4|classic rock|chaser i|fun|kostas selection|the loco-motion|billboard number ones 1960s|Rolling Stones Top 500 Songs of All Time|for your dreams are the days in the nights|classic soul|motown|ioshi|billboard number ones|good mornings|femalesinger|BeatbabeBop selection|music from David Lynch films|US artist|guateque|locomotion|engels|acceptable cover versions abused|rayharel|Old and good|golden oldie|dance craze|500 songs according to rolling stone|dasr selected radio|skeive skiver|eponymous dances|1960's|oldies favorites|60s chicks|freak prom|stylish joy|femalez|songs of the century|Negros molones|que me la pongan que la bailo|Goffin King|oh amazing|girl group greats|lekker langpad polka|60s The Good Days|OLD SCHOOL HITS|Farouchette|Radiotsar approved|peters relax-music|thelocomotion|eclectonia|soulblues|pa1|pa2|pa3|Gamle Ole|marco78trains favorite songs|ObraMaestra|olderthanworldrar|The locomotion|Land of a thousand dances|albums jtatam owns|anytime louder|oldiesR|if every day was like spring|lulziwant|juckbox|laulettavat|Guilty Pleasures|Disco|1960s|All
TRADQBK128F92E8B5F,Mat Kearney,Never Be Ready,singer-songwriter,100.0,singer-songwriter|acoustic|Love|indie|rock|Like|tanz doch|ten glos|perfekcyjny utwor|manly voice|us-singer|genialna muzyka|in english|melancholic|amazing|Acoustic Rock|happy
TRADUTA128F931418A,William Coulter,The Painter And The Magician,instrumental,100.0,instrumental|acoustic guitar|william coulter|folk|acoustic guitar instrumental|relaxing|lawis|new clasical|heard on last-fm|my instrumental|Relaxing Instrumental|travel|instrumental guitar|soft|melancholy|night|acoustic|guitar|nice
TRADVZP128F92E0C02,Jackie Edwards,Worrying Over You,classic reggae,100.0,classic reggae|worrying over you
TRADVYY128F931C56C,The Shamen,Heal (The Separation) [H.E.L.P Breakbeat],,,
TRADVSU128E0786371,Hem,Redwing,spiraling winds of energy and imagery that beautifully climax and say God DAMN I am so POWERFUL,100.0,spiraling winds of energy and imagery that beautifully climax and say God DAMN I am so POWERFUL|innocent and mostly harmless music|folk|on my infamous and excessively long list of songs to cover|zapp7272|redwinged blackbirds|AnArtfuldodger|sparrows|swelling|angelic|melancholic|sweet|wistful|Favorite|beautiful|birds|sad|americana|indie|country|Mellow|heard on Pandora|Everwood
TRAECWI128F4226133,Helmet,Your Head,rock,100.0,rock|punk|favorites|90s|old school|stoner
TRAEIYU128F931BC4B,Gaiteros de Pillopo,El Barbero,gaitas,100.0,gaitas|gaita|Flamenquito|venezolanas|Pasco|gaitas venezolanas-Gaiteros de Pillopo|el barbero
TRAEHTK128F14A4706,Glen Campbell and Bobbie Gentry,Mornin' Glory,,,
TRAEHNA128F423786C,Móveis Coloniais de Acaju,Perca peso,ska,100.0,ska|brasil|doidos|brazilian rock|feijoada bulgara|rock|Coisas Bonitas|prefiridas|brazilian|moveis coloniais de acaju|perca peso|River Br|Feijoada Russa|cwdb - rock brasileiro|meu roquenrou|balkanic samba|acelerada|moveis desconvida|pra ouvir tomando cha|Adcionar|otm|tarantismo|ultra-upyachka|mega-upyachka|upyachka|alegre|vi ao vivo|balkan|rock nacional|Favourites|fun|cool|funny|Alternativo
TRAEHXW128F146F3C5,Kenny Rogers,The Son Of Hickory Holler's Tramp,country,100.0,country|Corrupted
TRAEXTM128E07811E1,Frankee,Gotta Man,,,
TRAEXAN128EF354542,SAF,Skopska Situacija,,,
TRAEOMT128F92FE852,Chris Clark,Tyre,idm,100.0,idm|Warp|Chris Clark|ambient|experimental|electronica|thisisquitenice|abstract electronic|drjazzmrfunkmusic|leafmelonfavetracks|Under 100 seconds|Everything is ok|mellowpiano|to listen again|in a beautiful place out in the country|abstract electro|under two minutes|headphone music|experimental ambient|grey|Dreamy|romantic|piano|electronic|seen live|cap|Achilles|2003|psychoalgie
TRAEOFD128F9311409,Kraftwerk,Computer Love (2009 Digital Remaster),,,
TRAEOUQ128F9322E73,Gabinete Caligari,Viaje Al Averno,,,
TRAEMNZ128F9334662,Aerosmith,Angel,rock,100.0,rock|classic rock|hard rock|aerosmith|80s|Power ballad|angel|rock ballads|Love|power ballads|hair metal|Ballad|favorites|rock ballad|sexy|90s|1980s|Toth|THUMPER LIGHT|You and Me|80s metal|beautiful|pop|USA|metal ballads|70s|Song you want to hear more than once|male fronted|heaven and hell|80s rock|love song|90's|Awesome|lovesongs|Glam Metal|All time favourites|cudowna piosenka|FUCKING AWESOME|Aerosmith-Angel|best songs ever|1988|All for dearest|male vocalists|superhit|songs to listen to at 3 in the morning|memories|1987|epic|slgdmbestof|ballads|80s hard rock|powerful|slow|pop rock|heavy metal|sams bands|music to smile to|your song|brett|going away|sappy but awesome|our song|Internacional|Mind blowing|www|Jana|ratagorda|uli|helped me make it through the 90s|hair ballad|The Best of 80s|musicas que tocam meu coracao|can't live without|brings tears to my eyes|Classic Rock still rocks|evening songs|power-ballad|good power ballad|Kringle20 Favs|ballady|Da-Stuff|that girl|pozytywne|lentas|core jessielou artists|Miodzio|songs i never get sick of|platforms and hemp|somewhere inbetween|headbangers ball|being a kid|sound storm|tom hamilton|cheesy but good|baladas rock|tportal|angels vs devils|ballad rock|one of the bests ever|-3
TRAEMXB128F429FA26,Jazz Gillum,Little Woman,,,
TRAERPT128F931103E,The Rolling Stones,Time Is On My Side,classic rock,100.0,classic rock|rock|60s|the rolling stones|british|blues|oldies|british invasion|pop|rolling stones|blues rock|1964|other|time|melancholic|hard rock|blues-rock|Soundtrack|rock n roll|Brit|Rock  Roll|Rock and Roll|1960s|melancholy|male vocalists|good times|favorites|British Blues|the rolling stones - time is on my side|Love|heartstrings|Good Stuff|in search of lost time|nostalgia|british rock|time is on my side|the stones|bluesy|60's|60s rock|60s british rock|hippie|Great bands|gotanygoodmusic|sing-along|My Favourites|rock & roll|12x5|guitar|oldiess|cover|rhythm and blues|british 60s rock|acclaimed music top 3000|records and tapes|AMG Pick|Drug induced music|classic|Muy buena cancion|rock and roll party|70s music|Regional Blues|60s blues|mom rules|favorite rolling stones songs|criterio|My pop music|My Best Songs|rocket sauce|the devils song|british blues rock|nej nej|among favorites|60s cover|top 2000|10 estrellas|olspur hi radio|jagger|the best anthems ever|Fortis|huslab|Sigh and swoon in equal measure|Canzoni Preferite|ai raiku itu|british 60s|60s favorites|classic rock favorites|Time Machine|zwischenzeit|ausklang|workflow|dermorgen|the good|blue blues|the one to listen over and over|Time Spiral CD|twinkling starry skies|fuckin beautiful|sylja-favoritter|wonderful track
TRAEABT128F931984D,Furry Lewis,Old Hobo,blues,100.0,blues|delta blues|Classic Blues|acoustic blues|country blues|Old Blues|blues guitar|Folk Blues|trains and hobos|stepping into muddy water
TRAEADK128F4270AA6,Porcupine Tree,Moonloop (Improvisation),ambient,100.0,ambient|Progressive rock|rock|space rock|instrumental|prog rock|Dreamy|Neo-prog|psychedelic-space rock|sw|nine cats
TRAEBKD12903D00D5C,Mac McAnally,If You Hang Around Long Enough,,,
TRAENWI12903CECA29,Helen O'Connell,The Sweetest Sounds,,,
TRAESWB128F149CB2C,Dexys Midnight Runners,Until I Believe In My Soul,80s,100.0,80s|new wave|Blue-Eyed Soul|british|angst|cooper was here|Excellent tune|brass|UK Punk and New Wave|Rock/Pop|northern soul|Bittersweet|male vocalists|england|Pop-Rock|saxophone|post-punk|UK|pop|rock|soul|Emotional Adult Rock|Sentimental Favorites From The 1980s|Noah Eatons All-Time Favorite Songs|Falseto bacano
TRAEFYR128F4268253,Los Chunguitos,Por La Calle Abajo,,,
TRAEFOU128F932105B,Tommy Torres,Imparable,laid back,100.0,laid back|love song|Latino Pop|pop|puerto rico|boricua|latin|latin pop|male vocalists|from Puerto Rico|ROCK BORICUA|PUERTO RICO REAL|BANDS OF PUERTO RICO|TOMMY TORRES - Imparable
TRAEFQG128F429F74E,Washboard Sam,Bucket's Got A Hole In It,blues,100.0,blues|ragtime|delta blues
TRAEDDD12903CCF7E7,DJ Nasty,Buy You A Drink,,,
TRAEELO128F425BD8F,Avril,"The Matter With You (Part I, ii, Iii)",,,
TRAEEGA128F4272FF8,Elva Hsiao,Gotta Let It Go,,,
TRAEPAW128F4285BAB,Geggy Tah,Gina,folk,100.0,folk|Songs with names
TRAEZAZ128F930608E,Tyrone Taylor,Members Only,lovers rock,100.0,lovers rock|tracks - reggae
TRAEGUL128E078B0C1,Randy Travis,Wind In The Wire (Album Version),,,
TRAEGBE128F4284973,OutKast,Happy Valentine's Day,Hip-Hop,100.0,Hip-Hop|rap|funk|outkast|hip hop|dance party|fun|East Coast|i am a party girl here is my soundtrack|trip-hip-hop|chill|makes me happy|andre 3000|soul|Crunk Beatz|ATL|dance to this in my underwear|andre|Some Damn Good Music|funk soul brother|lempibiisi|valentine|nice track|Funked Up|r 'n' b|funk rap|Happy Valentine's Day|intercourse|jkbx zwo|andre 3k|cupid will NOT be defeated|best songs of the 00s|natalicious partaychoonz|music for a sunday|looooooooooooooooooooooooove this song|profile song|4 Teena 2|Head-Bobbin|Rap  Hip-Hop|Hip HopRap|dance frenzy|G major|E minor|absolute genius|so funky|2003|Star Wars|90s|atlanta|alternative rap|male|american|party|alternative|dance|cool|singer-songwriter|pop|hiphop|sexy|guitar|Mellow|south|holidays|all the best|goofy|valentine's day|male vocalists|southern|different|loved|alternative hip-hop|00s|lyricist|urban|southern rap|best 00s|dance to me with this|dance with me to this|play to everyone you want|phunk|bop hop|brain2brain|rnb|2 stars|choccie|do it|ultratop|energy
TRAETLW128F92C44F3,Kent,Ingenting,rock,100.0,rock|swedish|Kent|indie|pop|alternative|indie rock|svenskt|alternative rock|dance|electronic|DiscoKent|00s|scandinavian|want to see live|favorites|svensk|2007|amazing|Favourites|beats|Fun to sing|male vocalists|Bra skit|love pure love|dansdansdansa|vemod|catching|mums|good melody|scandinavian indie|november|underrated and overlooked|When you are Down|the most overrated fucking bullshit ever|skyttae|Love itself|Tillbaka Till Samtiden|sung in swedish|Kent -Ingenting|jennis kentradio|swedishrock|web-found|dont understand|heard on last-fm 09|top50 dr07|enjoooy it|flottig|various artists as depeche mode|nice|ambient|lounge|instrumental|electronica|party|sad|Energetic|overrated|best|Soundtrack Of My Life|charming|good shit|euro-pop|swedish rock|interessant|Scandinavian Pop|indie hits|Stunning|loved|dream-pop|male vocalist|own|80's|Playful|2000s|seen live|niekais easy|les favs de louvenoir|svensk indie|sport|Favorite|min lista|just a bit of fun|mats best|Ingenting|friendsofthekingofrummelpop
TRAETAG128F93385AE,Jean-Jacques Goldman,Là-bas,chanson francaise,100.0,chanson francaise|french|pop|singer-songwriter|pop frse|histoire|styles|jean-jacques goldman|gesang|jjg|songs that make me cry|francais|chanson|beautiful|favorites|france|Love|80s|herz|over 5 minutes long
TRAEUIW12903D018F0,Jack Johnson,You And Your Heart,jack johnson,100.0,jack johnson|rock|pop|Surf|singer-songwriter|surf rock|joy|songs your mother are okay with you listening to|2010|10s|all summers|Like|songs from the bottom of my cookie jar|chill|guitar|Love|indie|songs I need to tag but I dont know where they belong|alternative|beautiful|radio friendly|Hitparade 2010|Channel X|radiocafe|You and your Heart|gdy rozpierdala mnie euforia|riding-my-bike|2010 surf acoustic ofh|best-slow|best-nice|2011 ACOUSTIC OFH|fuwa fuwa|list-datomm|relax and easy|best of 2010|My Timeline|-4|2k10 mix|fresh|calm|Happy Music|slow|California|Radio|soft|piano|Beach|pub|harmonic|americana|modernist|loved|CD|eddie|Light Music|my fave tracks|acoustic|aarh|Ian A fraser|me|wishlist|heart|Cool video
TRAEVKG12903CE75F4,Jedi Mind Tricks,Brute Force II,,,
TRAEVIA12903CC3C37,X,Motel Room In My Bed (LP Version),,,
TRALIVO128F4279262,Janis Joplin,Down On Me,classic rock,100.0,classic rock|female vocalists|60s|blues|rock|Janis Joplin|blues rock|psychedelic|soul|singer-songwriter|woodstock|Psychedelic Rock|female|oldies|down on me|blues-rock|hippie|american|Flower Power|70s|bi daha dinlicem|2giveme5|chill|Favorite|Love|female vocalist|folk|life OST|vocals female|Greatest Vocalists|pulsar00|Psychedelic heavy Rock|the best of classic rock|RockFemale Vocals|honcuks choice|HEY LOVE|138 bpm|rock - classic|60s favorites|classic rock favorites|Goddesses|sing in the shower|Chicks Rock|Make Me Happy|feels good|git|red shoes desert island|slgdmbestof|LolaTravellilovesthesetracks|Radiotsar approved|solos increibles|bag o rocks|shinemorrissing|funky fun classic rock|tioramon|sigrids 70s mixtape|sainker xp|lullike|waldi|de todo mio favoritos|artists i am not sure about|rosis|arnon classic|classic rock-mujeres|Rock70s|bianca grooves|Bianca chills|voci femminili|rock and roll mia favoritos|Rock Rock Mesmo|songwriter|riot grrrl|Female Voices|FUCKING AWESOME|Smooth Jazz|Queen|vocals|great songs|chick rock|divas|ambience|folk rock|favorite songs|rock out|pissed off|rhythm and blues|live performance|female vocals|alternative|dance|2005|guitar|janis|vocal feminino|strong women|1967|legends of rock|pop jazz|greatest hits|60's
TRALIOB128E0783D1E,Jyve V,Maria Morena,,,
TRALIIP128F4246C80,Misfits,Helena 2 (Album Version),punk,100.0,punk|punk rock
TRALHMS128F930C08C,Converge,Dark Horse,hardcore,100.0,hardcore|mathcore|chaotic hardcore|prepare a skin graft from my ass because this song just melted my face off|Progressive metal|metalcore|intense|Awesome|metal|grindcore|absolutely insane|OMFG what a guitar|amazing|sexy|chaotic|ravenous|crazy drum inferno|love love love love love love love love love love love|Play this loud enough to raise the dead|metalgore|prosto pizdec|cumshots|Metal Friday|anticipated|pelne gacie|kkrangg2009|eargasm everytime|Beast-like Bliss|holy facking god|ll test ll|hard rock|hardcore punk|kickass|00s|alcohol|Incredible|fuck yeah|noise core|diablo|wanna see live|I love|Meaningful|godly|fuckworthy|what god has on his i-pod|animals|beastcore|hurricane 2011|RBN VG
TRALHES128F425A496,The Marx Brothers,Everyone Says I Love You,novelty,100.0,novelty
TRALHOT128F92EE66D,Philip Glass,The Kiss: Golden Coins,,,
TRALXLX128E078D1B4,Naughty By Nature,Guard Your Grill (LP Version),,,
TRALODZ128F931FA34,All Girl Summer Fun Band,Rewind,,,
TRALONM128EF35A199,Madonna,Jump [Jacques Lu Cont Edit],pop,100.0,pop|dance|Madonna|nice|country|House|party|remix|downloading|confessions|ulli|Megalito|einfach ausrasten|Madonna - Jump
TRALRPM128F145E5F5,張學友,Zai Ai Shang Ni,,,
TRALRKL128F427B6EB,Atreyu,Ex's And Oh's (Instrumental Version),atreyu,100.0,atreyu|amazing but where are the words lets sing|atreyu--exs and ohs|LeDrew
TRALYQN128F42624E1,Agnostic Front,Rock Star,hardcore,100.0,hardcore|hardcore punk|ny hardcore
TRALBDJ128F9308395,Hank Penny & Sue Thompson,Walkin' In The Snow,,,
TRALSXX128F92F94B0,Sex Pistols,Seventeen,punk,100.0,punk|punk rock|rock|british|Classic Punk|70s|classic rock|sex pistols|British Punk|1970s|1977|old school|70's|hard rock|Punk77|First Wave Punk|male vocalist|oldies|british rock|punk  77|ratagorda|male vocalists|UK Punk|77|song about me|hardcore|punk no dead|classic|Progressive rock|alternative|20th Century|favorites|proto-punk|portalternativo|favorite songs|Kringle20 Favs|seventeen|punk i like|lk|britannique|fucking love this|britanic|rocketbilly|all-time fav|True punk rock|slgdmbestof|extremities|DanielAreal|Big dance thumps|OdinsGhost|MODAFOCA|fodido|transitglambat|top tracks me|tnphp numbers|creu|rock och pop|Punky reggae party|garten punk|one two thirty-six|old style punk|punkfuk|steveadamsfm|so fuckin awesome|sing-along|rock'n'roll|party music|Old School Punk|77 punk|favorite albums|Punk Favorites|four|Fave|mistagged|original|UK|lazy|brit punk|Soundtrack|80's|Like|cool|Seminal|sing|lov it|PunkOrama|numbers|17|posers|Cantautores|Punk 77|metal|Nana soundtrack|what future|indie|Lowlands|gundapunk|friendsofthekingofrummelpop|black metal|Protopunk
TRALDHD128F42775BA,Hey Colossus,The Book of Disquiet,,,
TRALEEZ128F429508A,Freddie McGregor,Cover For Me,,,
TRALLAR128F933C692,The Pursuit of Happiness,No Safe Place,the word no,100.0,the word no|the word place|the word safe
TRALLJN12903C9A892,Johnny Pearson,Boss-Eyed Whelk,,,
TRALLVR12903C9E514,New York Dolls,Don't Mess With Cupid (1972 demo),,,
TRALWLU128F428C39A,順子,Dear friend,underrated,100.0,underrated
TRALZBV128F4250E60,The Knife,The Captain,electronic,100.0,electronic|electronica|ambient|swedish|electro|synthpop|the knife|scandinavian|alternative|synth|indie|experimental|Sweden|dark|female vocalists|electropop|indietronica|psychedelic|synth pop|dance|00s|Electroclash|idm|cold|beautiful|Arguman-loved tracks|european|calm|mysterious synth|ambient electro|weird|Good Stuff|electrosexy|silent shout|chill|dark ambient|electronic landscapes|rock|darkness|Radio|nordic|the captain|elektro|svenskt|favourite|77davez-all-tracks|after dark|best songs of 2006|drjazzmrfunkmusic|swimming in the dark|the knife - the captain|summer|brokenheartnoise|favorites|bizarre vocals|wownoise|captain my captain|mychill|grrrrrrrrooood|magnifico|spy song|Emotionen|wohoo|screaming synthies|crazynoise|atmospheric electronica|rollerskatin|movie trailer|foreing|IIIIIIIIII AMAZING TRACK :D IIIIIIIIII|3 star|5 starz|blaster|tag reading|connections|efterfest|n traum|exotic orgy|electro favs|all-time-classic|Bjorns Favoriter|fall into dreams-song|dodligt vackert|nattsudd|dojaja|magiskt klirr och klang|hotfullt|Skum musik|creepsgiver|Best electrosongs of the year|reposant|muka muka|Sighh|nix partly|xanbaldaio-electrosofa|gracious synths|i like the sounds you make|yyyeeeeeeeeeeeeaaaaaaaaaaaaaaaaaahhhhhhhhhhhhhhhhhhhhhhhh|5P|a bailar bailar bailar
TRALTIA128F92D0826,The London Theatre Orchestra,Babylon 5,,,
TRALKGV128F932CADE,Revolutionary Ensemble,911-544,free jazz,100.0,free jazz|the vitamin b12
TRALQWF12903CDE0ED,Screaming Lord Sutch,Son of Jack the Ripper,,,
TRALUZX12903CAD456,Bill Laswell,Digitaria,dub,100.0,dub|dub electronica|Dub Breakbeat
TRALUQG128F4263E40,Robin Fox,It's Gonna Be Okay (original mix),,,
TRALVSJ128F92D5010,The Kings,Who Do You Love,,,
TRALVHR128F1483DB3,鄭秀文,Liu Zi Zhen Yan,,,
TRALVWU12903CE67BA,Mannheim Steamroller,Battle Hymn Of The Republic,4th of July,100.0,4th of July
TRAPHQN12903CF7BC1,Joe Grushecky,Cracking Under Pressure 83,,,
TRAPXNL128F4258C60,Charlie Peacock,After Lovin You (Love Life Album Version),,,
TRAPXZH128F92E1E72,Alain Souchon,Le Bagad De Lann Bihoue,chanson francaise,100.0,chanson francaise
TRAPOMC128F4254545,12 Gauge,Dawg Call (Acappella),,,
TRAPMYO128F14903F5,Anneli Drecker,Fire Alarm,female vocalists,100.0,female vocalists|norwegian
TRAPMCS128F92E88C5,Johnny Horton,The Woman I Need (Honky Tonk Mind),johnny horton,100.0,johnny horton|50s rockabilly|country|rockabilly|Honky Tonk
TRAPRLP128F429302A,Marc Lavoine,je n'ai plus Rien à te Donner,stella,100.0,stella
TRAPYHA12903CED089,John Michael Talbot,Fan Into Flame,,,
TRAPYGN128F42345D8,Bobby Darin,Drown In My Own Tears (LP Version),oldies,100.0,oldies
TRAPYML128F423DF98,A Skylit Drive,Ability To Create A War,screamo,100.0,screamo|post-hardcore|emocore|hardcore|emo|experimental|songs i love|a skylit drive|post hardcore|really good|badass|breakdown|adorable screams|wannabe|Gray
TRAPBNR128F42869AA,Bobby Darin,Bullmoose (LP Version),,,
TRAPBHY128F148946F,Cassie,Long Way 2 Go (Album Version),rnb,100.0,rnb|cassie|Hip-Hop|dance|r&b|female vocalists|pop|Cassie - Long way 2 go|long way to go|real sexy cool|Long Way 2 Go - Cassie|r-n-b and soul|Female RnB|r and b|hip hop|female vocalist|nice|club|interesante|kiki|looooooooooooooooooooooooove this song|urban music|Jerk|Diesunddas:-9|Cassie:-9|teeny bopper|femmine|dirty rnb|donna|Ruperts Lunch|rnb female|CASSEY|voci femminili|femmina|voce femminile|urban female|Just in black|united spirit|Super piosenka Cassie|88moje88|bella topolina|sexy|mimmofigliodellaportinaia|funky|clublist4me|chill|american|ann chan music|Cruising|hot|love songs|catchy|hit|superb|BE|guilty pleasure|sing along|reminds me of ship life|nice track|---|Pimp Music|luv|donne|Hip Hop RnB|hits|kip-hop|RandB|alias favorites|Cassie-long Way To Go|strong confident sexy song|RB|Rihanna|Long Way 2 Go|r'n'b|cool|Cassic pop|saturday party music|tatann|davis15|alleys music|Cassie has a long way 2 go|wanna love me|brain2brain|Zwinky|haos|massa|cill|exhilarating|R|ok|black music|Love it|favorites|female|relax
TRAPNHG128F149CB35,Dexys Midnight Runners,Spiritual Passion (aka Dubious),,,
TRAPSMC128F42BC76A,Vanessa Bell Armstrong,Wonderful One,,,
TRAPDUL12903CC4287,Storyville,Talk to Me,,,
TRAPDIH128F426DE71,Vilma Palma e Vampiros,Lluvia de ácido,,,
TRAPLGZ128E0795B5C,Seguridad Social,Un Pensamiento,spanish pop-rock,100.0,spanish pop-rock
TRAPPUJ128F931B3D1,Jawoll,Rendezvous - Ich hab' dich seit langem nicht gesehen,NDW,100.0,NDW|die wahren perlen deutschsprachiger popmusik|80s|deutsch|german|80er|perlen deutschsprachiger popmusik|Schlager|1983|linearnetrisch|I want back to the 80s|top 100 ndw und deutschrock der 80er|JappaDappaDu|Angie 1379|deep80|DeepSleeP|jawoll|Made In Germany|pop|Neue Deutsche Welle
TRAPZOH128F92E7FD6,André Verchuren,Un P'Tit Brin De Musette,,,
TRAPGKY128F42972A9,Alexisonfire,Mailbox Arson,post-hardcore,100.0,post-hardcore|hardcore|screamo|rock|emocore|emo|Alexisonfire|favorites|Awesome|glorious music|Win|Godlike Music|Go Out And Kick Some Ass|metalcore|alternative|metal|aggressive|Canadian|punk|male vocalist|soramimi|dancin in undies|hyper-energetic|songs that cheer me up|songs to rock out to|Killer band HANG 10|good songs to get|Dallas GOD Green|Music At Knife Point|fuck yeah|one of the best bands ever|One of the best songs ever|melodic metalcore|Mosh|post hardcore|amazing|Favourites|powerful|punk rock|hard rock|seen live|cool
TRAPTGG128F9326020,Charley Patton,34 Blues,blues,100.0,blues|delta blues|Charley Patton|deltablues|friendsofthekingofrummelpop
TRAPTOE128F4272000,Akon,Don't Matter,rnb,100.0,rnb|Akon|Hip-Hop|hip hop|rap|pop|Love|top 40|Dont Matter|00s|male vocalists|r&b|konvicted|dance|gossip girl|rhythm and blues|favorites|konvict|Akon Dont Matter|san francisco|summer|r and b|smoooth|2007|RB|hiphop|reggae|Hip-Hop akon|us number one|akon production|senegal|crowe|melancholy|NYC|black music|2006|Akon is a genius|canadian singles chart number one hit|usa hot 100 airplay number one hit|usa rhythmic top 40 number one hit|House|RapHip Hop|techno|fun|na na na|party|Missing Him|maggie|all of my songs|pop-rap|english|happy|my parties|Akon right now|UK top 40|about a girl|songs of the summer|my tunes|driving music|good times with the ex|Soul And RB|not all hip-hop sucks|for you bitches out there|number one hits|slow grind|ELOT of Love|vr|awesum|nice and slow|songs that grow on you|vasara|favorite male singers|decaf|KRIS|io-a|More or less|twincest|summer 07|sandelys|mainstream bangersers|sorry yes i am gay|cool bushido|gresiu fav|Memories Like Fire|Angie 1379|mirjamusic|konviccted|ten million plays|gforgushy|i hate it when people keep secrets from me|channel 5|100000-249999 listeners|1000000-1999999 scrobbles|mirkla apmatiba|playlista rmf fm|circleoffriends|trine and mop are gangsta sometimes|classic ritmy and blues|ziomas|cuute
TRAPKJB12903CE3A70,F.I.R.,I Am Here,mandarin chinese,100.0,mandarin chinese
TRAPKBI128F92F9D33,Tom Petty And The Heartbreakers,Christmas All Over Again,christmas,100.0,christmas|xmas|classic rock|secular christmas|Christmas Songs|hristmas|jul03-|julegunda|Sing Your Christmas Favorites|Christmas 2007|mmmmeh|foot twist|Weihnachten|Jul|x-mas|Christmas Music|upbeat fun|loved|revival|male vocalists|Soundtrack|collection
TRAPQSO12903CD4CBF,Pale Forest,Karma Violins,,,
TRAPUVW128F42980AD,Orbital,I Don't Know You People,electronic,100.0,electronic|loved|electronica|techno|Orbital|eletronica|Ambient Electronica|electro|british|Leftfield|beatz|my secret spy|breaky|re|overseas and loven it|samples dialogue|full sentence title|chord madness|shakeyatailfeathas|kafkalikesit|orbitalsongsthatsoundlikesupermariobros|drjazzmrfunkmusic|japanese|trance|psycho|electropop|House|dance|UK|club|dj|Energetic|Hard Trance|Drum n Bass|vocal trance|breakbeat|fucking amazing|electro punk|heard on Pandora|rated2
TRAPUOJ128F429F4C1,Sylvester Weaver,Alligator Blues,,,
TRAPVXS128F9331A42,Glen Ricks,Out Of My Mind,,,
TRAWCYI128F9316BD9,Michael Stanley Band,Where Have All the Clowns Gone,,,
TRAWCRX128F9338160,Robert Lockwood Jr.,Feel Like Blowing My Horn,,,
TRAWILT128F93077D7,Danny Williams,The Rainbow Bridge,,,
TRAWHZK12903CB5A01,Everyday Sunday,Comfort Zone,punk,100.0,punk
TRAWXIK12903CF4145,Gerald Veasley,Love Letter,,,
TRAWOUA128F14AE2E7,Becoming the Archetype,Ex Nihilo,metalcore,100.0,metalcore|metal|Melodic Death Metal|progressive death metal|hardcore|Technical Death Metal|christian metal|breakdown|amazingness|in your face|sweet stuff|guttural|kapow|becoming the archetype|own cd|BREEBREE|kick ass breakdown|garten metal|turn or burn|christcore|jesus|christ|deathcore|brutal|great lyrics|Extreme|christian|epic|thrash|favorites|Awesome|death metal
TRAWOBY128F931C18E,Terror Squad,Watcha Gon Do?  (Explicit LP Version),,,
TRAWYJE128F9324D18,盧巧音,Suan Shu,ten now,100.0,ten now|underrated|Chinese Music
TRAWYNV128F92F5E7E,Guns N' Roses,Catcher In The Rye,hard rock,100.0,hard rock|rock|Guns N Roses|chinese democracy|Rock and Roll|classic rock|Guns N' Roses|catcher in the rye|Awesome|rockin|hair metal|metal|glam rock|give me one reason|Officially NOT shit|rock n roll|tragically yours|sister stone|Axl|2008|alternative rock|heavy metal|Progressive rock|Power ballad|86 bpm|book|Holden Caulfield|Lieblingssongs|over 5 minutes long|gets me in the mood to par-tee down|sleazy rock|tragically yours - give me one reason|tragically yours - bittersweet you|tragically yours - sister stone|bittersweet you|where did brian may go|i wish i had a gun|jd salinger|songs that relate to my life|sunshine lollipops and rainbows|life-related|tied-to-life|milus workaround playlist|THERE IS NO SANTA CLAUS|Blex is gay|where the hell am I|shit my pants listening to this|excellent drums|i just roffled my waffles|touching|melody|angst|vocals|favorite songs|hardrock|chill|Cock rock|beautiful|favorites|USA|alternative|piano|Rock 'n' Roll|guitar|80s|Mellow|sleazy|00s|arena rock|Glam Metal|demo|2000s|sleaze|looove|favourite albums|sleaze rock|life|ok|Axl Rose|rock ballad|robbie williams|Guns n Roses-2008-Chinese Democracy|GNR|american|guns n roses tracks|also great books
TRAWYVJ128F92F27B8,UK Subs,SK8 Tough,,,
TRAWBSO128F931F551,Jason & The Scorchers,19th Nervous Breakdown,rolling stones cover,100.0,rolling stones cover|rock|Alt-country|rolling stones|cowpunk|covers|cover|country rock|Tribute|cover songs|OC|excellent stones cover|stonedbeat|aberrant mental states
TRAWNSM12903CA71FC,Twin Atlantic,What Is Light? Where Is Laughter? (Acoustic Version),acoustic,100.0,acoustic|laidback
TRAWSJK128F42767F2,Ini Kamoze,Here Comes The Hotstepper,reggae,100.0,reggae|90s|dancehall|Hip-Hop|pop|jamaican|party|2giveme5|dance|ragga|jamaica|movie song|rap|groove|usa hot 100 number one hit|ini kamoze|title is a full sentence|Soundtrack|fun|hip hop|1994|my song|male vocalist|leapsandleeloo|here comes the hotstepper|summer|us number one|magari ritminia :P|clean|music for kids who cant dance|Summer playlisT|paul like it|one hit wonder|1990s|great beat|memories|male vocalists|cheery|my youth|omg how could I forget this|cheese|One Hit Wonders|favorites|paeu ma swoje sety|rap-and-reggae|I miss these days sometimes|it makes me cum|emrereggae|mc high school|BYU-Hawaii|a reggae feel|saint mary|verenkor|gehtimmer-b0lzen|FMHZ|for when dw and bc take over the world|swagger like a man|if my life were a videogame|a distinctive male lead vocal|-4|grew up on|rap influences|mac cheese|major key tonality|a clear focus on recording studio production|extensive vamping|dance:rumba|a subtle use of vocal harmony|mild rhythmic syncopation|royalty bites|wicked tune old|groove based composition|essential 90s|murrrrderah|heard on last-fm 09|vanguardia primitiva|summer deck|land of thousand dances|land of 1000 dances|get somma dis|vintage dancehall|ini kamoze - here come the hotstepper|Whitewolf sings|Egoist|st mary|wilson picket|jezaus radijas rekomenduoja|port maria|dolma tunes|De Maxx|pret-a-porter soundtrack|ready to wear soundtrack|stomp Reggae|Fetenmucke|500 essential songs|ich komm nicht ans teefach|gia tunes|Party-Groovin|harligt|backup vox
TRAWFVE128F42912CA,Dimmu Borgir,Sympozium,Symphonic Black Metal,100.0,Symphonic Black Metal|black metal|metal|melodic black metal|symphonic metal|Norwegian Black Metal|norwegian|Melodic Death Metal|death metal|metal extremo|Soak|cool|dimmu borgir|najsss|psixaos - extreme metal favourites|ics vortex|psixaos - loved tracks|psixaos - personal tracks|Ruojis arvostaa|aggressive|coffee-ice-cream|Progressive|Norway|Awesome|epic|beautiful|Driving|Imi|made of win|mustis|favoriten|melo death|classic metal|work|epic vocals|stress|seen live|9 lbs hammer|pizdoseniemetal|noise|3-star
TRAWFRU128F42382AE,Johnny Pacheco,Mi Musica Es Para Ti,salsa,100.0,salsa|chacha|latino|Santo Domingo|pacheco|cha cha cha|bailable|musica latina|johnny|best|spanish|new york|latin jazz|instrumental|latin|EL NEGRO BENBON|MI MUSICA ES PARA TI
TRAWFIQ12903CEF3C2,Gloria Lasso,Dos Arbolitos (Ranchera),,,
TRAWFLJ128F14B064D,The Stooges,Down On The Street (False Start Take 2),,,
TRAWEIX128F14B0F05,Pete Rock & C.L. Smooth,They Reminisce Over You (Single Version),where my heart lies,100.0,where my heart lies|pete rock|soulful|Best of the best|90s|rap|Mellow|90s beats|CL Smooth Pete Rock - TROY|good musiq|still i rise|PR CL Smooth - Reminisce Over You|NIA loves HIP HOP|PETE ROCK- TROY|greatest hip hop|1979-2006: A Hip-Hop Odyssey - 800 Tracks In A 48 Minute Mix|Shock G|my top 100|Classic Hip Hop|Digital Underground|90's|hip hop i like|chill|beats|hip hop|old skool hip hop|east coast rap|new york|alternative rap|Hip-Hop
TRAWEFQ128F92EF95E,Marco Rima,Der Kleine Idiot,,,
TRAWLRK128F930F89B,Pablo Montero,Amor Bonito,,,
TRAWPHN12903CBFDAF,Fabri Fibra,Io non ti invidio,,,
TRAWZJQ128F92E1314,The Lord Weird Slough Feg,The Spinward Marches,metal,100.0,metal|heavy metal|Stoner Rock|Power metal|Progressive metal|folk metal|epic shit|Power metal with folk and doom
TRAWGKB128F4268327,Disembowelment,Your Prophetic Throne of Ivory,doom metal,100.0,doom metal|death doom|death metal|Death Doom Metal|funeral doom|amazing|death-doom metal|doom metal UFOOOOOOOOOOOOOOOOOOOOOOOOOOOOO|bands I need to check out|doom-death|sinister|fantastic|funeral doom metal|dark|australian|atmospheric|epic|Doom|metal
TRAWTLE128F934E648,Aphasia,"mixture of noize (part two: ""walter sobchak"" - live extract)",,,
TRAWKJD128F9333178,Roy Brown,Ohe Nene,,,
TRAWQHO128F4269D39,Lara Fabian,Surrender To Me,female vocalist,100.0,female vocalist|english|duet|french pop|male vocalist
TRAWQYC128F931A8BE,Vanessa Daou,Black & White,jazz,100.0,jazz|nu jazz|female vocalists|Erotic Lounge|electronic lounge|euro sound|downtempo chillout lounge electronic|easy listening music
TRAWUEC128F930F518,5th Ward Boyz,Ghetto Curse Words (Chopped&Screwed),,,
TRAZJZP128F427FFAC,Max Stalling,Scars and Souvenirs Intro,,,
TRAZIKB128F4265F70,Angela Stewart,Ready for the Love,,,
TRAZHRE128F92F344E,Otis Taylor,Talking About It Blues,blues,100.0,blues|singer-songwriter|loved|quarkzangsun loved|folk|2009
TRAZOSO128F149739D,N.W.A,Approach To Danger (Edited),,,
TRAZMTR128F1495E34,Ray Barretto,I Think About You (LP Version),you,100.0,you
TRAZRKX12903D0C4DB,Jimmie Davis,It Makes No Difference,,,
TRAZRKK12903CD7385,Big Star,"Thirteen [Live At Lafayette's Music Room, Memphis, TN, January 1973]",,,
TRAZROZ128F42563E0,Leana,Pack Your Bags (Jake Benson Club Mix),,,
TRAZBBM128F9335F10,Nouvelle,Céu do Brasil,,,
TRAZBBP128E07845D4,Kanye West,School Spirit Skit 2,Hip-Hop,100.0,Hip-Hop|Kanye West|hip hop|rap|skit|rnb|Midwestern Rap|deluxe|maerkisches viertel|sido|aggro berlin|Helmet|nice track|Hatebreed|System of a Down|torch|Lars Ulrich|aggro|under a minute|misc|roc-a-fella|Neurosis|Chris Cornell|hilarity|ratm|notasong|looooooooooooooooooooooooove this song|olspur|olspur hi radio|workout songs|midwest rap|english lyrics|under two minutes|my therapy|jason newstedt|kirk hammet|james hetfiel|tom morello|samy deluxe|absolute beginner|dende|dendemann|eins zwo|jan delay|beginner|eimsbush|alternative rap|beats|parody|comedy|death metal|alternative rock|heavy metal|alternative|crossover|electronic|german|hiphop|indie|hardcore|soul|Berlin|Stoner Rock|Grunge|funny|rock|metal|BYOB|tool|Rage Against The Machine|armenia|faith no more|school|mike patton|German hip hop|soad|hamburg|urban|seattle|stoner|2004|carcass|soundgarden|ny|lol|los angeles|chill|d|g-eazy
TRAZBNG128F14A53FC,James Darren,P.S. I Love You (LP Version),,,
TRAZNQI12903C9F8FC,Unwritten Law,Up All Night (Acoustic Live Album Version),,,
TRAZFKN128F4250CD4,Commander Cody & His Lost Planet Airmen,Too Much Fun,,,
TRAZFZS128F4272A31,Klaus Badelt,Severe Severing,german,100.0,german|Soundtrack
TRAZDOM128F933DBB2,Gene Simmons,Drinkin' Wine - Original,,,
TRAZLLR128F42A8DCC,Ayọ,These Days,soul,100.0,soul|female vocalists|Ayo|chillout|female vocalist|acoustic|blues|Mellow|k00l ch1x|Reflective|relaxing|folk|these days|jazzy|Excellent tune|female|breakup|lentas|ambient chill|balladen|tasha|Foxy Lady|delicate|Neo-Soul|soul chillout|late night|calm|singer-songwriter|cool|favorite songs|pop|reggae|Love|jazz|rap|soul-folk|voix de femmes|shan zuiai|guitar|Zabiore na bezludna wyspe|crazy little thing|uhurah weint|bi-2-1|Ayo - These Days|ma lijia|melancholic|My Favorites|blue|relax|Neo Soul|beautiful|sad|Awesome|india arie|germany|Sweden|lisa loeb|calma|funk-soul|drjazzmrfunkmusic|RnB-soul|Do Not Forget|soundscapers|susperia-electrica|story songs|2giveme5|ZapLovedTracks
TRAZLFO12903CB6C0B,Seventh Day Slumber,Lead Me To The Cross (Acoustic),,,
TRAZPQE12903CEDBDD,Speech,Have Fun Prelude,,,
TRAZZQC128F427A0F5,Aerosmith,Milkcow Blues,hard rock,100.0,hard rock|aerosmith
TRAZGIF128F934522F,Marcus Miller,3 Deuces,jazz,100.0,jazz|funk|Basically Bass|instrumental|bass|Fusion|Smooth Jazz|acid jazz|jazz fusion|without words|bass guitar virtuoso|drjazzmrfunkmusic|KFusion|sdfafasd
TRAZUMV128F930AD43,Sivuca & Camerata Brasílica,A Doce Canção de Nélida,,,
TRAZVEJ128F92EDA77,Daniel Johnston,Rock Around The Christmas Tree,annoying voice,100.0,annoying voice
TRAGJQL128E078E840,Shania Twain,Raining On Our Love,country,100.0,country|pop|singer-songwriter|female vocalists|90s|country pop|Shania Twain|middle school|sun and rain|90s country-pop
TRAGIKK128F42424EF,Mest,Tonight Will Last Forever (Album Version),punk rock,100.0,punk rock|punk|emo|alternative rock|american|the best|Mest
TRAGHKK128F93240D1,Orlando Pops Orchestra,El Manisero,,,
TRAGHGU128F92CC064,Lonnie Johnson,"Raining On The Cold, Cold Ground",lonnie johnson,100.0,lonnie johnson
TRAGXUZ128F9311745,Johnny Cash,You Tell Me,the big three,100.0,the big three|country|folk|rockabilly|rock n roll|male vocalists|bestone|midbest|everbest|bestallof|heard on Pandora
TRAGMXK128F9305A50,Bersuit Vergarabat,De Onda,experimental,100.0,experimental|rock|latin|pop|singer-songwriter|favorites|90s|Fusion|Rock en Espanol|Latin Rock|Bersuit Vergarabat|Rock Argentino|add to personal radio
TRAGRIH128F426FE32,Gabriel Yared,Devon,cinema,100.0,cinema|yared
TRAGACJ128F427118C,Greater Vision,Heaven's Hero (Featuring Champion Of Love),,,
TRAGAVU128F427E6E0,David Hudson,Monkey & Turtle,,,
TRAGNYU128F42246AC,Dee Clark,Just Keep It Up,1959,100.0,1959|oldies|50s|1950s|UK top 40
TRAGSGF128E0780CA7,Coldplay,One I Love,rock,100.0,rock|Coldplay|alternative rock|britpop|alternative|british|indie|One I Love|indie rock|soft rock|Love|Love it|Fuckin AWESOME|I could listen to this song forever|beautiful|piano rock|brit rock|love song|perfect|oldies|romantic|coldplay one i love|atmospheric|coldplay - one i love|guitar|pop|cool|limecore|emo|top song radio|b-side|pop rock|Favourites|medio|that girl|My pop|Byron|me too|less than 3|the best of coldplay|Akustisk|kot|Hannes|nite out|hard rock to folk and everything in between|all the love that i found|pra ouvir andando na rua|valentinesdaylove|assorted love songs|indie rocks|urbano|stimmung|ha|kathas lieblingslieder|i love this lyric|get pao|zakochana limetka|bewitched body and soul|fave coldplay|one star|musica d auto|their different groove|Favo indie|Bandas que amo|Woombat te kiero|prance to|FRUNI|aitch|Loss and Progress|chris martin and the coldplays|Miti|Best Band on the World|gwozdziem w serce|sounds like echo and the bunnymen|good from artist|not bad--look up later|pumpkinx|reminds me of other stuff|tardiando|ay que me rompo|00s|top artists|brit pop|uptempo|B-Sides|england|emotional|Britrock|love songs|Good Stuff|best|songwriters|mine|relax|Random|Brit|live|favorites|powerful|Awesome
TRAGFIS128F14947B0,Whitesnake,Love Ain't No Stranger (2003 Digital Remaster),heavy metal,100.0,heavy metal|dfg|trinity|temazos|cabelorock
TRAGDFG128F42934A0,Sugarbomb,Gone,,,
TRAGLFC12903CA6A5D,Gloria Lasso,Termina la feria,,,
TRAGLFE128F428566B,Patrick Bruel,Au Bout De La Marelle,french,100.0,french|chanson francaise|pop|francophone|Ma Franc
TRAGPAD128F42990B7,Olivier Messiaen,Livre D'orgue (1951) : VII Soixante-Quatre Durées (Remasterisé En 2008),,,
TRAGWJK12903CE640F,Run-D.M.C.,Faces,,,
TRAGWPR128F426BDC3,Danilo Perez,The Saga Of Rita Joe,DPerez,100.0,DPerez|danilo|the saga of rita joe
TRAGWTT128F148CF2C,Sister Hazel,Cerilene,Southern Rock,100.0,Southern Rock|folk|Ballad|Sister Hazel|Slow Rock|songs with names in the title|coleccion|-3|Crybs Choice
TRAGZDU128F93070B1,Dwight Twilley,Tomorrow Never Knows,,,
TRAGZKI128F4249FBE,Moraes Moreira,Banho de amor,,,
TRAGGVS128F4250CE8,Astarte,Oblivious Darkness,black metal,100.0,black metal|female|female vocalists|Greek|greece
TRAGGHA128F4262D55,Eddy Raven,I Wanna Hear It From You,,,
TRAGKQO128F92F0E10,James Carter,Strange Fruit,bobbysax,100.0,bobbysax|bobbyjazz
TRAGKFX128F9308791,Slim Whitman,Serenade,country,100.0,country|pop|oldies|male vocalists|50s|1950s|1956|UK top 40|lobest
TRAGUPV128F93354DE,SOL,Puedes ser feliz,,,
TRAGVOE128F92FFDD2,Yamandu + Dominguinhos,Chorando Baixinho,,,
TRAGVWF128F4230C95,Irma Thomas,The Same Love That Made Me Laugh  [LP Version],soul,100.0,soul|blues|mod|rhythm and blues|female vocalists|heard on last-fm|BeatbabeBop selection|dieta de martes|bleibt
TRAGVMH128F14ADF05,Petra,Don't Let Your Heart Be Hardened (This Means War Album Version),,,
TRATJDJ12903CDB82E,D-A-D,Wild Talk [Live],,,
TRATIYP128F14A3056,Tony Joe White,Menutha,electric blues,100.0,electric blues
TRATISX128F4266B66,DJ Envy,Why Wouldn't I (featuring Fabolous & Paul Cain),,,
TRATIQJ128F92DFA28,Dub Pistols,Revitalise,,,
TRATIAH128F426B422,Nightwish,The Poet and the Pendulum,symphonic metal,100.0,symphonic metal|Gothic Metal|Power metal|epic|Female fronted metal|metal|nightwish|finnish|symphonic power metal|female vocalists|Gothic|Masterpiece|finnish metal|epic metal|beautiful|finland|melodic metal|Awesome|Progressive metal|female vocalist|powerful|orchestral|opera metal|The Poet and the Pendulum|Lesbian Metal|dark passion play|FUCKING AWESOME|Anette Olzon|Best Opening Track|Tuomas Holopainen|inspiring|long|amazing|atmospheric|favorites|Suomi|overrated|fantastic|Love|songs I fucking love to death|favourite|new Nightwish|scandinavian|orchestra|loved|heavy metal|Favorite|metal masterpieces|intense|metal opera|2007|instrumental|songs that totally rule|lovely stuff|Favourites|rock|songs that make me cry|beautiful voices|Favourite Songs|female fronted|00s|love at first listen|emotional|romantic|goth metal|female vocal|favorite song|love the lyrics|kick ass song|not lesbian metal|loved tracks|magical|apocalyptic|Female-fronted Metal|scandinavia|I could listen to this song forever|great voice|marco hietala|Female fronted symphonic metal|mysterious|All time favorite songs|sad|female vocals|boring|melancholic|Energetic|symphonic|suomi metal|Epicness|orgasmic voice|boring metal|Breathtaking|Play this loud enough to raise the dead|absolutely beautiful|moody|great lyrics|addictive songs|All time favourites|power|Finnland
TRATHTT128F4264AA4,Charlie Peacock,Tears Falling Down,,,
TRATXHO128F9338653,Palito Ortega,Te Fuiste En Abril,,,
TRATXBC128EF34B540,Lionel Rogg,"Concerto in C major, BWV 594 (after Vivaldi Op.7 No.5) (2007 Digital Remaster): I. 1st Movement",,,
TRATMBK128F146BB52,Dilated Peoples,Firepower (The Tables Have to Turn) (Explicit) (Feat. Capleton),,,
TRATAIB128F92E81CB,Dishwalla,Moisture,rock,100.0,rock|alternative rock|alternative|90s|My List|Dishwalla|Retrieval Cues|why i love music|why havent you heard this|rex ferric faves|notsobad|Pauls Grunge|SgGreatRock
TRATBWX128F427D343,Bad Brains,At The Movies (1991 Digital Remaster),hardcore punk,100.0,hardcore punk|shed2
TRATBYD128F92CE21A,Trivium,Into The Mouth Of Hell We March [Explicit],,,
TRATNDJ128F9359840,Jay Randall,Mathilda,,,
TRATNIZ128F42414D2,林憶蓮,Ai Ji Mei Gui 1000 Da,,,
TRATDIZ128F4242796,Café Quijano,En algún rincón,latin,100.0,latin
TRATLMG12903CDD094,Marc Perrone,Padam padam,,,
TRATWYC12903CE60D6,The Dillinger Escape Plan,Parasitic Twins,Progressive metal,100.0,Progressive metal|mathcore|metal|experimental|Progressive|metalcore|industrial|Avant-Garde|Experimental Rock|avantgarde
TRATWQQ128F426F1EC,María,Cuenta Conmigo,gitar,100.0,gitar
TRATZRV128F42B3F1B,Rakim,Skit,,,
TRATGIQ128F92D7F5F,Mel Blanc,I Love Me (I'm Wild About Myself) (2005 Digital Remaster),,,
TRATTAF128F147CA09,Yahir,No Te Apartes De Mi,musica wapa nacional,100.0,musica wapa nacional|dore|latin|pop|latin pop|mexico|mexican|male vocalist|yahir|cafe27 soy lo mejor
TRATTTA128F9306B7F,CAPLETON,Bumb Red,Bashment,100.0,Bashment|rub-a-dub|Capleton|dancehall oldies|bumbo red
TRATKXV128F92D0480,The Keys,From Tense To Loose To Slack,,,
TRAKCFG128F149D9B7,Tracy Byrd,Walkin' In,linedance,100.0,linedance
TRAKCUU128F1489FAD,Cinder,Mirror (Album),,,
TRAKHYP128E0792F07,Patty Griffin,Moses,Alt-country,100.0,Alt-country|female vocalists|folk|acoustic|singer-songwriter|repeat|melancholy|Favorite|beautiful|Mellow|guitar|singer songwriter|grace|intimate|Angelic Voices|water|contemporary folk|girlie nostalgic|longing|to get|contemporary singer songwriter|alt singer songwriter|my life soundtrack|mindy|forUndin|apluscoop|banuianthem|a brief history of banui|131|Impeccable Singer-Songwrtiers|rock|country|female vocalist|americana|alternative|favorites|relaxing|Favourites|female|female singer-songwriter|lonely|girl power|quiet|pretty|angst|alt country|peaceful|lovely|vocalist
TRAKXLR128F9308F5A,Tree,Try,,,
TRAKXBQ128F423EED6,Basement Jaxx,Jump N Shout Featuring Slarta John (Radio Edit),,,
TRAKXJS12903CE0434,The Smiths,"Please, Please, Please, Let Me Get What I Want",80s,100.0,80s|indie|The Smiths|alternative|melancholy|british|new wave|sad|Soundtrack|500 Days of Summer|Mellow|rock|acoustic|indie pop|post-punk|Morrissey|Love|britpop|melancholic|alternative rock|Soundtrack Of My Life|1984|depressing|songs to get drunk to|Awesome|perfect|beautiful|smiths|Favorite|Favourites|rainy day songs|77davez-all-tracks|lying on my back chasing clouds|great song|favourite|male vocalists|fucking perfect|indie rock|cry cry cry|love at first listen|late night melancholy|Great Lyricists|favorite songs|wistful|Fuck Love|music to sit down to or maybe lay down to|this makes me feel love|heartache|Favorite Artists|Manchester|indie legends|classic rock|the songs that saved your life|all-time favs|chillout|guitar|UK|purr-whirr-humming-6-strings|please|makes me feel better by embracing the melancholy|Moz|story of my life|virginradioitaly|please let me get what i want|sing me to sleep|sad pretty rock|close your eyes|oldies|golden 80s|quiet times|my 500 essential songs|smith|this is me in 30 songs|ok|Extras|Bittersweet|to make film to|tear-jerking|ame|concert|1980s|musica para dormir|beautiful words|unique voice|Short Track|my alternatives|oh so slow|lyric love|80s alternative|Good music mix|cody|voices i love|coups de coeur|to her|Contemplation|calm|Favourite Songs|blue light rain|euphoria|chill
TRAKMYR128F4281FAA,Esa Pakarinen,Lentävä kalakukko,finnish,100.0,finnish|tango|humor|Playful|iskelma|alternative tango|tango vals|vals|tango nuevo|matkailu avartaa|Finnischer Tango|1951|finnish tango|savo|kuopio|to get|Extreme Power Metal|huumoria|4050|light
TRAKMUO128F4215890,Enrique Iglesias,Si Juras Regresar,romantic,100.0,romantic|pop|spanish|Ballad|latin|debut album|enrique|spanish love ballads|romantic spanish|romantic ballads|love ballads|man power|Enrique Iglesias|español|special|male vocalists|love songs|latin pop|slow|favourite|played in Last fm Player
TRAKRUY128F92FB943,R. Carlos Nakai,Canyon People,Favourite Songs,100.0,Favourite Songs|native american
TRAKYHH12903CF08B0,Shirley Caesar,Cornerstone,,,
TRAKYCT12903CBBE17,Sick Of It All,Death Or Jail,hardcore,100.0,hardcore|yesss|Liederabt|emperorcryn
TRAKBTM128F4279096,Kassav',Loko,,,
TRAKNLE128F42A7F9E,The Grease Band,Willie and the Pig,,,
TRAKNPA128F4238BCC,Torcuato Mariano,Black and Blue,newage,100.0,newage|Torcuato Mariano
TRAKFHT128F92E830D,Oldelaf Et Monsieur D,Rue de Nantes,,,
TRAKFQV128F145C912,Eddy Raven,I Know That Car,country,100.0,country
TRAKDCQ128F42A247A,Kool Moe Dee,I Go To Work,rap,100.0,rap|old-school rap|Hip-Hop|the whole album should have been like this|too short|hip hop|old school|east coast rap|Old School Hip Hop|Back In The Day - Hip Hop Jams|b boy stuff|Excellent tune|BIG TUNE|MyMusic|bookmark|Playlist|mainstream rap|golden age|new york|fun|aggressive|ElectglitchdubhoP|wjlb-FM|old school rap
TRAKEMT128F92C2CAC,Gérard Lenorman,Soldats ne tirez pas,chanson francaise,100.0,chanson francaise
TRAKPET128F92FD69F,Humble Pie,Lonely No More,,,
TRAKPNA128F423B01D,Paul Avgerinos,Gnosis,,,
TRAKWXS128F930F798,Lollipop Lust Kill,No Answer (Outro),,,
TRAKWXV128F42889FB,Hotwire,Not Today,metal,100.0,metal|hardcore|Torquemada
TRAKGVT128F4222A75,Zapp,Rock Star (LP Version),,,
TRAKKWR128F9314A64,Spitfire,Tanzen,ska,100.0,ska|ska punk|russian|spitfire- tanzen|Oi|Ska-Core|tanzen|sca-punk|punk|music that makes this fucking life happier and fucking better
TRAKKMS128F42B3BF6,Onyx,Wet The Club,hardcore,100.0,hardcore|rap|Hip-Hop|club|american|new york|90s|old school|East Coast|00s|Scott Storch
TRAKQPX128F421FF2D,Bill Laswell,Slow Murder,,,
TRAKVSG128EF34E609,Raphaël,La Mémoire Des Jours,french,100.0,french|indie|beautiful|brilliant|rock|singer-songwriter|poetry|Chanson Française|raphael|french lyrics|brilliant beautiful|manset
TRAQIHG128F424B549,BASSTURK,Unutmam,,,
TRAQIYQ12903CBAE8A,The Mighty Clouds Of Joy,I've Come This Far by Faith,,,
TRAQRLZ128F425CE1D,Steve Smith,Blue Cave,special,100.0,special
TRAQYUA128F428742F,Mississippi Fred McDowell,You Gotta Move,blues,100.0,blues|delta blues|acoustic|stones originals|blues classic|chaser i|good ole homely country folk playing banjo yodeling|keineproblem weekly top tracks|kocham lubie szanuje|bottleneck guitar|double-ender 4|double-ender 12|easy-nights|lugnt06-|tungt06-|i wish i wrote that one|Delta Blues Proper|dirty pure slide guitar|folk|mississippi|Favourites|best|roots|freedom|male vocalist|acoustic blues|guitar blues|delta|mississippi fred mcdowell|in a beautiful place out in the country|MetroHadriani Loves this music|Solomusika-Loved|friendsofthekingofrummelpop|slgdmblues|k|Classic Blues|title is a full sentence
TRAQACB128F4263F7B,Ultimate Fakebook,Soaked In Cinnamon,upbeat,100.0,upbeat|love songs|food|brandon|sarcastic punk pop|food and drink
TRAQBVO128F425D1F9,Aleks Syntek,Un Espacio Para Andar (2002 Digital Remaster),,,
TRAQBGZ128F932CD62,Laurie Berkner,ABCD Medley,children,100.0,children
TRAQNXY128EF35D3CB,Ashes to Ashes,Gemini,Memorable,100.0,Memorable
TRAQZWH128F934B093,DMZ,Don't Start Me Cryin' Now,,,
TRAQGZY128F425E791,The Rongetz Foundation,East,,,
TRAQTBF12903CCC1B7,Cockney Rejects,Oi! Oi! Oi!,Oi,100.0,Oi|punk|Oi Oi Oi|punk rock|UK pure punk|british|Skinhead|street punk|anarchoi|primer punk|70's punk|5432fun|exclamation mark|tellus|Pogopunk|gary bushell|oi the album|punk radio|UK oi|i want back to the 70s|oi oi oi the chosen few  nothing better|oiu|80's punk|sounds|four|1980|antifa|urban|world|Favourite Songs|favorites|Awesome|indie|great|rock|I want back to the 80s|friendsofthekingofrummelpop
TRAQTRL128F428C2AF,Loudermilk,Mai,,,
TRAQTYT12903D134AC,Billie Jo Spears,What I've Got in Mind,country,100.0,country|Billie Jo Spears|female vocalists|classic country|70s Blockbusters|gut anzuhoeren|country yeeha|oldies|love this music|fH Projex|gh 3|bjs|workforce1|sooz countrygirls|ik ben|newbest|FH referral|everbest|bestallof|-fenol|miss-labeled song|great memmory|favourite|female vocalist|singer-songwriter|beautiful|old country|Like|country music|UK Gold|easy music|american brilliance|country ballads|fierce women|AM Country Gold|linedance|biancas country|stuelpner folkt|1976
TRAQKCG12903CBE810,Jeff Scott Soto,Colour My XTC,,,
TRAQQUX128F92F9F10,Snowgoons,Starlight,hardcore rap,100.0,hardcore rap|emotionnel
TRAQQEE128EF342942,Irwin Goodman,Onni,onni,100.0,onni|6070|huumoria
TRAQQLM128F147CBFE,Rishi Rich,Jaan - Interlude,funky,100.0,funky|india|Bhangra|Asian|desi|Rishi Rich
TRAQUTI128F92FF7A6,Los Fabulosos Cadillacs,Galopera,,,
TRAUCNU128F42671EB,Gipsy Kings,Tu Quieres Volver,latin,100.0,latin|Flamenco|spanish|world|Gypsy|flamenco gitano|Gipsy Kings - Tu quieres volver|acoustic|hispano|love hurts|world feelings|male feelings|hispanohablante|flamenco rumba|zigeuner musik|javajustice|superswing|spanskegunda|gus spanish|sweet n fresh chillout|sense|gitara|3|hamur|rock|close harmony|Latin Dance|popular|guitar|gipsy|male vocalists|chill out|guitar virtuoso|mistagged track|Love|hyrkliot|radio europe|Gypsy kings|Gipsy Kings
TRAUCSN128F148CB99,DJ Krush,Intro,trip-hop,100.0,trip-hop|turntablism|downtempo|electronic|electronica|Hip-Hop|DJ AJA Inc|chillout|intro|paris|ninja tune|abstract|japan|japanese|scratch|intros|pozytywne wibracje|0001|rest|openers|less than 1 minute|chris-like|heard on last-fm 09|krush|schickendes|a simple glitch|der chill|loneliness after dusk|Sonntagsmucke|chill906|boudoir tek|futins favourites|just4lov|futins favourite|ambient hiphop|hgchj|nogal vet|Ambiant breakbeat|vombat radio|chilled|beats|Favorite|dj|acid jazz|samples|downbeat|electro|abstract hip-hop|abstract hip hop|percussion|record scratching|trip hop|triphop|ambient noise|piano|noise|scratching|ambient|jazz|wall of sound|needleontherecord|DJ Krush|Eremuse - neurometallico|goddess|basel|Love|Schweiz|Lady alexa|maitresse|herrin|domina|swiss|sm|dominatrix|cool|2006|Mistress|World Cup Noodles|gelb und gruen|rewind kabuki|tables pro|switzerland
TRAUJTZ12903CF7BB4,Bruce Springsteen,Working on the Highway,rock,100.0,rock|classic rock|80s|Bruce Springsteen|folkrock|the boss|folk|bruce|work|road trip|eryqahs favourites|i have a platter with this one|bruce springsteen-working on the highway|Playlist|wanderlust|Rock Stuff|springsteen|Cantautore|e street band|heard live|ArtistToKnow|backstreets|Jeremy macro somgs|working on the highway|bruce springsteen tracks|occhi a cuoricino|like a drug for your ears|vaguely creepy|Gamle Ole|vocal|powerful|spring|pop rock|smart|dance|Energetic|Pop-Rock|singer-songwriter|everything|RockPop|good mood|Feel Good Music|male vocalists|1984|general rock|hand claps|heartland rock|good story|Pop Life|seen live|pop|welcome to the occupation|road river and rail|mmm-ohh|sunday brunch|private stashshsh
TRAUIOQ128F92EDC51,Circle Jerks,Question Authority,punk,100.0,punk|punk rock|hardcore punk|yolala indie fav
TRAUXNU12903D11493,Berrogüetto,Nadal de Luintra,xmasparty,100.0,xmasparty|mudog-christmas|mudog-children|mudog-world
TRAUOPA128F93537F2,Martin Sexton,Things You Do To Me,acoustic,100.0,acoustic|rock|singer-songwriter|My Rock|Martin sexton|christophers radio|acoustic hour|shit i adore|seen live
TRAUMRG128F1483D2F,鄭秀文,Luo Cuo Che,,,
TRAUYNK128F425BDB9,Bobby Darin,Intro. & Hello Young Lovers (Live) (2000 Digital Remaster),,,
TRAUALM128E0784FF4,Danny Wright,Carol of the Bells (Album Version),,,
TRAUBMV12903CA3379,Jean Lumière,La chanson des genêts,,,
TRAUBRC128F92EF13F,Sonny Landreth,She Left Me A Mule,blues,100.0,blues|slide guitar|guitar virtuoso|lugntv|ericks|tungt03|lugnt03
TRAUFLM128F42AECDC,Britney Spears,Someday (I Will Understand),pop,100.0,pop|Britney Spears|Love|Ballad|Guy Sigsworth|female vocalists|female|beautiful|00s|guilty pleasure|parenthood|touching|simply nice|wolne|sweet|cute|american|beautiful pregnant britney|2005 singles|britney|memo|sexy music|sweet pop|someday|queen of pop|Hope|pop singles|princess|Officially Shit|spears|d-va|Forever Britney spears|b is for better|Soulburn|florida songs|songs with religious stuff|gay but okay|Britney Wrote|Mellow|not bad|female vocalist|singer-songwriter|dance|rnb|female vocals|Trash|relax|Favourite Songs|simple|haunting|god|Queen|catchy|perfect|teen pop|favorite song|loves it|moving|power song|Unreleased|Love it|kate havnevik|FLOP|inspiring|i will understand
TRAUFZY12903CD738A,Big Star,"Watch The Sunrise [Live at Lafayette's Music Room, Memphis, TN, January 1973]",,,
TRAUDRC128F148D15E,Jimmy Page,Hummingbird,classic rock,100.0,classic rock|hard rock|blues rock|guitar virtuoso|blues|rock|jimmy page|british heavy metal|classic British rock|80s hard rock|80s Heavy Metal|british hard rock|ledzeppelin|Classic British Metal|british blues rock|80s british rock|80s british hard rock|80s british heavy metal|Classic British Hard Rock|classic british heavy metal|ii8|traditional heavy metal|guitar|British Blues|heavy metal|classic hard rock|Traditional Metal|60s|classic metal|Virtuoso|british rock|rock n roll|British Metal|livin out the trip|Bato|Boyax|male vocalists|historisch|the one|jeden
TRAULTS128F931290B,Nightwish,Beauty and the Beast,symphonic metal,100.0,symphonic metal|metal|Gothic Metal|Power metal|Female fronted metal|nightwish|finnish|Gothic|opera metal|female vocalists|melodic metal|symphonic power metal|heavy metal|finnish metal|Gothic Rock|rock|Operatic Metal|finland|female vocals|Progressive metal|favorites|epic|90s|Tarja Turunen|melodic|old nightwish|goth|epic metal|Symphonic Rock|scandinavian|female vocal|goth metal|favorite songs|tarja|fantasy|fantasy metal|Songs that totaly rule|beauty and the beast|female|fairy tale|songs to hear before you die|female vocalist|Nightwish - beauty and the beast|Melodic Power Metal|duet|Favourite Songs|beautiful voices|melodic heavy metal|sympho|techno|Female-fronted Metal|Wonderful songs|Tuomas Holopainen|beauty|symphonic|great melody|Symphonic Black Metal|female singer|englisch|lovely songs|Finnland|Favourites|alternative|symphonic gothic metal|great solo|nightwish first dance|alternative rock|mirabile|nightwish-ashley|DjiLove|world rock|Sonata Arctica|Armor|mother tearing rock|pure awesomeness|The Best Of All|fave guitar songs|Finnish power metal|skandinavian|kickback music|thirteenth step|Kitee|SO not like me but i like it|Dagobah|Nightwish - Forever Yours|Metal goth|moose|Angels Fall First|no radiohead radio|silent intensity|My FAV Music|now|dark beauty|Shinedown - Leave A Whisper|als covers|Sounds of the Seventies|wooees|ko|Metal 1|can't help but sing along
TRAUPTJ128F92DFDF8,Flink,Russian Doll,,,
TRAUPVF128F92F8C39,The John Buzon Trio,I Can't Believe That You're In Love With Me (Digitally Remastered 95),,,
TRAUPSV128F427B621,Cabas,Como Nuestro Amor No Hay Dos,Colombia,100.0,Colombia|sexy|latin pop|cabas|latin|rock en español|calma|Rock colombiano
TRAUZKB128F4287ED6,The Scare,NOT IN LOVE,,,
TRAUGRD128F425E997,Anna Abreu,Shame,pop,100.0,pop|finnish|english|female vocalists|Ballad|portuguese|SuomiPop|Annan debyytti|sidols|jytakampaa
TRAUTOL128F42418E2,Twista,Girl Tonite (featuring Trey Songz)  (Explicit Chopped & Screwed Version),Screwed and Chopped,100.0,Screwed and Chopped|TNT MUSIC
TRAUTNT128F933CB62,Alex Gopher,Song For Paul,cool,100.0,cool|downtempo|beautiful|easy|electronic|electronica|lovesong
TRAUKQC12903CA9374,Bimbo,Lebaran,,,
TRAUVTO128F4297AA2,Selena,Cien Años,beautiful,100.0,beautiful|smooth|gorgeous|the best|ellos cantan en espanol|heard on last-fm
TRAVCWS128F1469EE2,Joi,Oh My People,world fusion,100.0,world fusion|Asian Underground|electronic|session music|multicultigroup|1nd1k0|new world fusion|mylove|Byron|asianmassive|Erotic|Asian Fusion|female vocalists|chill|female vocals|electronica|trance
TRAVJDB128F93305EB,Gustavo Cerati,Tu Cicatriz En Mí,pop,100.0,pop|argentina|rock en español|Rock Argentino|Rock Latino|soda stereo|gustavo cerati|Strip|design|electrónica|cicatriz|makelove
TRAVHRU128F92C637E,Rachel Portman,The Letters,,,
TRAVXVJ128F92EA97C,Ray Conniff;Billy Butterfield,Time On My Hands (You In My Arms),,,
TRAVOJH12903CF3E86,Anthony Watson,I Love Being Single (club extended mix),,,
TRAVYGA128F14A2A3A,Billy Butler,She's Got Me Singing [Bonus Track],,,
TRAVBGI128F425F366,Heaven 17,(We Don't Need This) Fascist Groove Thang (Rapino Club Mix),punk,100.0,punk
TRAVNYY12903CA6AA3,X-Raided,Liftoff,,,
TRAVNLT128F93528AB,Deekline & Wizard,Baila Baila  Vent Remix,,,
TRAVDDS12903CDD092,Marc Perrone,Serenade valse,,,
TRAVEYE128F933EA89,The Mystic Moods Orchestra,Visions,,,
TRAVPNQ128F933F216,Delta 9,In the Void,hardcore techno,100.0,hardcore techno|industrial hardcore|hard techno|Grind core|hardKOR
TRAVPRG12903CCBF03,Terry Dexter,Beautiful One,,,
TRAVPHB128F92DA4F5,Hatiras,Lost In Space,House,100.0,House|vocal house|electronic|dance|electronica|fun|club|Progressive House
TRAVWHZ128F932B179,Wordsworth,Don't Go (Produced by Frequency),,,
TRAVZYU128F92E4ECB,California Oranges,TRAVEL WRITER,,,
TRAVGZF128F4260E6F,Cliff Edwards/Disney Studio Chorus,When You Wish Upon A Star,oscar winning songs,100.0,oscar winning songs|Disney|cartoons|Best Original Song Oscar Winner|xmiyx
TRAVTIM12903C95CE6,Gregory Isaacs,Saddam,,,
TRAVKJI12903CF479A,Moonspell,Trebraruna,Gothic Metal,100.0,Gothic Metal|black metal|Dark metal|metal|portuguese|loveys doveys|doom metal|folk metal|mistagged
TRAVVYK128F92E7FDE,André Verchuren,Aubade d'oiseau,,,
TRAVVUS128F92EA4F9,Rob Mullins,5 4 3 2 1,,,
TRAVVBW128F42819B2,Belle and Sebastian,Stay Loose,indie,100.0,indie|indie pop|belle and sebastian|alternative|Scottish|pop|2003|2000s|chamber pop|00s|loved|britpop|festive fifty|f50 2003|festive fifty 2003|POP - Classic|freaking awesome|Alternative and Indie|interessant|solo|synthesized handclaps|rock|acoustic|psychedelic|about my life|Berlin|Officially Shit|textschnipsel|hammond b3|Favourites: A-M|Scottish Bands|heartfire|odotus|socks|Stop Crying Your Heart Out|driving song|funk|halftoned singles club|Makes Me Smile|viha|riffs|john peel - festive fifty|peglaona|mahollisesti parasta|amazing album closer|odd television reference|unadulterated favouritism|multiple lyrical orgasms|belle and sebastian : a gem of a pop music|une de les seves millors|Temas Crema|a mental popsicle|exhilariating|funky|hey song i love you|indie socks|electronic socks|Alternative  Punk|ridiculously amazing|innit|Wry|indie rock|Faves|good|Hmm|UK|brit pop|twee pop|Best of 2004|indiepop|alt country|driving music|favorites|relaxing|beautiful|General Alternative|darkwave|great stuff|synth|John Peel|gotanygoodmusic|british and new rock definitely maybe|excelent|My Style|twee|luv|trevor horn|alternative rock|YuM|all time fav|transcendent|Guitar Solo|new wave|gute laune|madness|good song|seen live|Wes test 1|hammock|dear catastrophe waitress
TRBCCAP12903CDE877,Sharissa,In Love With a Thug (Radio Edit) [Featuring R. Kelly],itunes free download,100.0,itunes free download
TRBCCAJ128F148CBBB,EPMD,"Check 1, 2",Gangsta Rap,100.0,Gangsta Rap|East Coast|east coast rap|Old School Hip Hop|bartekkazek
TRBCJUF128F93190C2,Lily Allen,Everyone's At It,pop,100.0,pop|british|female vocalists|electropop|Lily Allen|fucking fantastic|electronic|indie|alternative|britpop|catchy|00s|dance|female vocalist|UK|2009|drugs|good|female vocal|singer-songwriter|great|Lily|nice lyrics|love at first listen|greg kurstin|bullshit|its not me its you|Perfect song|kick ass lyrics|woman singer|this is an alarm-call|90210|party songs|Love|favorites|english|octwoct|reefermadness63|pra-dancar|x23|everyone at it|reality|songs in the key of orgasm|shit is off the wall|2008|hook|Moih|1st single|Belearic|IIIIIIIIII AMAZING TRACK :D IIIIIIIIII|delicia|britannique|sexy female|everyones at it|silly love|My Timeline|favorites 2008|smeling of roses|The inbetweeners|best of 2009|melhor de 2009|so fucking best|neon asylum|gjamr|varios quico|three|<3|honest|I Like It|minor|favs|perfect|WorD|hit|All|best|rocks|female|chill|Awesome|fun|cool|2000s|Lieblingssongs|United Kingdom|popular|sometimes|songs i love|Allen|laptop|t|social commentary|seen live|indie pop|amayzes loved|ambient|electro|Dream|davaho53|yeah
TRBCIEV12903CE60F1,Memphis Jug Band,Memphis Jug,,,
TRBCXLB128F4252906,Aeoliah,Inner Chamber,peaceful,100.0,peaceful
TRBCRDW128F422D8BA,Keep of Kalessin,As Mist Lay Silent Beneath,black metal,100.0,black metal|melodic black metal|norwegian metal|Norwegian Black Metal|epic black metal
TRBCYOI128F1455566,Beastie Boys,Crawlspace,Hip-Hop,100.0,Hip-Hop|rap|hip hop|Beastie Boys|old-school rap|rock|leapsandfavnolove|hard rock|hiphop alternatywny|leapsandbounds favorite songs|Roosevelt|Rap  Hip-Hop|flya hip-hop|flya alternative|iannai29 list|Flow Is Infectious|name check|star wars reference|hip-hop favorites|-5|funk hip hop|hoppery|punk|funk|alternative|alternative rock|upbeat|alternative rap|90s|old school|great songs|east coast rap|beat|00s|New York City|B-Boys|mainstream rap|SOAP|crawlspace|american
TRBCBMO128F92C77B9,Leigh Jones,Same Game,soul,100.0,soul|modern rnb|soul and jazz
TRBCBLN128F932BC9D,Skeletonwitch,Within My Blood,thrash metal,100.0,thrash metal|black metal|blackened thrash metal|metal|death metal|thrash|Thrash revival
TRBCNGI128F42597B4,Sade,Slave Song,soul,100.0,soul|female vocalists|Smooth Jazz|jazz|chillout|chill|smooth|lounge|slave song|jazzSoul|pop|RB|-favorites-|Ballad|80s|cool trip|vocal|relax|r&b|rnb|contemporary jazz|-erotica-|sexy|gw chill|Message|klimat|ascetic|emotions|Pop Life|isolation|serenity|interesante|sade love|bar music|My Jazz|femalesingers|bass guitar|gw chill pl|-chill-trip-lounge-down-|gw chillout pl|smooth vocals and instrumental|finalcut|Slow and Smooth|3rd Force In the Full Moon Light|gocek|strengthening|fat albert meets emmanuelle on a beach------|favor-inter|slip into something more comfortable|eses|smooth and groovin|female voice soul|kobitki|-soul-funk-blues-rnb-|SFX|klasse|Female jazz vocalists|africa|SLAVE SONG BY SADE|world|jazzy|drjazzmrfunkmusic|female vocal|nu jazz|downtempo|alternative|Sleep|cool|singer-songwriter|blues|dub|psychedelic|ambient|Love|nice|Mellow|Amy Winehouse|The British are coming|Old School soul|Seashells Symphonies|special|wunderbar|song|memories|download|moving|Neo-Soul|females|gut|spiritual|urban|sensual|jazz fusion|heartbreak|melancholy|acid jazz|my stuff|Sade|jazz female vocalist tag|tantotempotaste
TRBCSMH128F146A146,Bryan Ferry,2HB (1999 Digital Remaster),,,
TRBCFFD128F92D912E,Ana Popovic,Shadow After Dark,blues rock,100.0,blues rock|blues|female vocalists|love songs|guitar blues|guitar girl|female blues vocalist|Bluescruiser|seen live
TRBCWQL12903D01904,Cyndi Wang,I'll Be Better,,,
TRBCWKZ128F42439D3,The Capitol Years,As The Terror Dances Your Way,,,
TRBCWYJ128F93213A1,Eleanor McEvoy,Easy To Lose Hope,celtic,100.0,celtic|00s|tip|3 star|goba|magic female voice
TRBCZBH128F93406DE,Hélio Ziskind,Centopéia,,,
TRBCZXU128F424C431,Alternative TV,It’s Raining,,,
TRBCZJY12903CDA661,Papa Wemba,Dixième Commandement,,,
TRBCGXG128F9322DBB,2 Minutos,14 Botellas,punk,100.0,punk|punk rock|elvis moska
TRBCKYU12903CB5D10,Hardnox,White Girl Who Can Dance,,,
TRBCKEE12903CB853A,The Meatmen,We Didn't Kill Each Other (But Didn't We Try) [Originally Performed by Dallas Wayne],,,
TRBCQDI128EF342954,Irwin Goodman,Yhteinen koti,kotimainen puolituntinen,100.0,kotimainen puolituntinen|streamable track wants|:pop|:obscure yet streamable tracks|6070|:lounge|131 Hangover Hits compiled by TWISTED KRSTR|huumoria|:cheese|:6070|:131 hangover hits compiled by twisted krstr|:huumoria|:kotimainen puolituntinen
TRBCQLB128F9332CF4,32 Leaves,Way Beyond,rock,100.0,rock|male vocalists|hard rock|alternative rock|favorites|melancholic
TRBCULU128F931AABB,Mademoiselle Sane,Cabaret,,,
TRBCVKB128F9331EC6,John Williams,Old Man Rocking Chair,blues guitar,100.0,blues guitar
TRBIJNF128F14815A7,Danny Williams,The Wonderful World Of The Young,oldies,100.0,oldies|feelings
TRBIIJX128F933AB7D,María Elena Walsh,La Mona Jacinta,la mona jacinta,100.0,la mona jacinta
TRBIANT128F425C487,Jean-Jacques Goldman,Je marche seul (version longue),80s,100.0,80s|pop|chanson francaise|extended mix
TRBIAVU128EF3493BA,Asleep At The Wheel,The Letter That Johnny Walker Read,country,100.0,country|western swing|GTA|k-rose|pertatianamontero|honky-tonk|Soundtrack|gta sa|essential for living|classic country|Asleep at the Wheel|simply the best|like a drug|lieblingslied|love songs of a sort|hook|bestone|sheer awesome|the letter|country classic|songs that you wanna listen to over and over again|malesinger|k rose|hibest|kgtasa|country cwcafe|country classic woody|Alt-country|70s|latin|alternative|Favourites|Favourite Songs|female vocalists|yo|brilliant|duet|Retro|drunk|drinking|singalong|alcoholic|male vocal|old favorites|love at first listen|gtasa tracks|texas swing|Grand Theft Auto|gta san andreas|collection|names|johnny|twang
TRBIBOJ128F14618D4,Dilated Peoples,Hard Hitters,funky,100.0,funky|rap|hip hop|Hip-Hop|poetry|backpack|prose|UNDERGRIME
TRBIBAQ128F93279F5,Bad Company,Crazy Circles,classic rock,100.0,classic rock|Supernatural|70s|Soundtrack|rock|favourite|legends|LOVE LOVE LOVE|driver picks the music|RockPop|Bad Company|Dean|Supernatural OST
TRBIBKA128F42947BF,Samy Deluxe,Die Meisten,german hiphop,100.0,german hiphop|hip hop|samy deluxe|german|Deutschrap|Hip-Hop|rap|samy|hiphop|german rap|hamburg|deutsch|scheissaufdeutschetexte|Sam Simillia|friday night warm-up|Deutsch-H-H|sral|Wickeda MC|sam semillia|deutscher hiphop sammy deluxe|german hip-hop|Hip Hop German|eimsbush|TI|Real hip-hop|Phat|seen live|Deluxe Hip Hop
TRBIBLJ12903CCF436,Madonna,Papa Don't Preach,pop,100.0,pop|80s|Madonna|female vocalists|dance|1986|american|female vocalist|80s Pop|papa dont preach|rock|new wave|oldies|female|electronic|classic|Disco|queen of pop|1980s|Love|top 40|female vocals|female vocal|pop rock|epic|best of the 80s|awesome vox|Dare|dramatic|disco never dies|it is party time|canadian rpm magazine number one hit|favorites|soft rock|Awesome|usa hot 100 airplay number one hit|dance pop|diva|Madonna--Papa Dont Preach|strings|parental|adult contemporary|us number one|top 2000|the best|top artists|i love madonna|billboard number ones|homosexual intifada|papa|catchy|number one hits|English Hits|Dancemania|dance-pop|poplife|party|fun|club|i dont listen to stuff like this i swear|girl power|sexy|90s|1986 songs|best song titles|favorite songs|reggae|best of madonna 1983-1993|absolute classics|to classify|grandmix|vocalization|favorite by this singer|childhood albums|songs that remind me|independent women|ale laplandia|vh-1|66|Garo|uk number one|hipper shit aye|Top Classics|ja toquei|Master MASTER|voci femminili|fica|mixtape babe|pop singles|gives me chills|best album openers|mtv hit|femmine|rock out in your cube|frauen|songs I absolutely love|life song|songs to sing to|popdance|general pop
TRBIFPI12903CEAFB6,John D. Loudermilk,Somebody Sweet,,,
TRBIFUV12903D07374,Minnie Riperton,Lovin' You,soul,100.0,soul|female vocalists|70s|Love|romantic|oldies|minnie riperton|beautiful|jazz|pop|easy listening|love songs|female vocalist|Smooth Jazz|Mellow|female|Ballad|scrubs|vocal|Soundtrack|quiet storm|classic|rnb|chillout|classic soul|sweet|sensual|funk|old school|smooth|relax|american|birds|favorites|calm|ballads|party according to stretchead|1975|123 drippy sappy|easy|la la la la la|positive|lounge|loving you|slow jams|morning|romance|cheesey but i love it|Favorite|chill|sublime|pretty|Sommer|lovely|sexy|if every day was like spring|slow|chicago|high f|70s soul|blackexploitationundgut|a cover song i guess|Epic Records|whistle register|loved tracks|cuddly|soulful|billboard top 100 1975|Retro|commercials|bianca smiles|South Park|Mellow 70s|Old School soul|the shit I love|Lovin You  Minnie Riperton|great song|All time favourites|groovyacousticsoul|liebe|radio hugh|Sentimental|AM Gold|1974|dodgy bird|Mi amore|knutschipaputschi|mylove|soothing|relaxing mood|My Favorites|favourite|ambient|cool|heard on lastfm|-soul-funk-blues-rnb-|loving this is easy|soul ballads|nice|relaxing
TRBIDGE128F9333791,Curt Bois,Lucindy,,,
TRBIDRG128F92FC6E5,Carlos Núñez,Gabriel's Oboe (La Mision),VOLAR-,100.0,VOLAR-
TRBIELT128F93381E6,Sivuca,Rapaz de Bem,brasil,100.0,brasil
TRBIGRY128F42597B3,Sade,All About Our Love,soul,100.0,soul|Sade|female vocalists|jazz|chillout|chill|Smooth Jazz|pop|romantic|Mellow|lounge|female vocalist|ambient|RB|Love|easy listening|british|blues|sexy|Neo-Soul|80s|favorite by this singer|Z3PO like this|VivaNOLA 1|andyroohooo|sade darling|summer yum|niepewnie|play it loud loud loud|voicescape|elevator to heaven|Sofa|Wonderful Women|My Jazz|Vocal Chill|at work|goldies|Sade - All About Our Love|drjazzmrfunkmusic|romatic easy pop|L11|gmix7|sade love|-yulunga-|-slow-pop-|All About Our Love|sade soul chill UK female vocalist soul jazz|drAlby-ChilloutLounge|drAlby-CocktailSofties|Diamanti|lumaro|altparty|romantic background|favor-inter|vivanola - ladies|vivanola - Chill|lovely|late night|love song|chill out|love songs|my stuff|Ballad|melancholic|female|beautiful|english|UK|good|vocal|rnb|Sleep|favourite|nice|f|Pop Life|The British are coming|mood music|Old School soul|lounge jazz|programming|i love you|download|good mood|ladies|lush|nostalgia|MJ- Soul Strollin|rustycanucksoul|prince|tantotempotaste|jazz female vocalist tag|steady away|suave|wedding songs|michael buble|708090|jazz ist keine fickmusik|die besten hits der neuziger|smooth
TRBIGXB12903CBFE1F,Tora Tora,That's Not the Way Love's Supposed to Be,,,
TRBIGGV12903CABC77,4HIM,Strange Way to Save the World,christmas,100.0,christmas|contemporary christian|christian christmas
TRBHCQA128F149F192,Jimmy Wayne,She Runs,jimmy wayne,100.0,jimmy wayne
TRBHJUJ128F92EBE24,George Harrison,All Things Must Pass (2009 Digital Remaster),,,
TRBHIJC128F92E55E2,Furry Lewis,Rock Island Blues,blues,100.0,blues|Classic Blues|places|usa places
TRBHIOA12903CD824F,Los Originales De San Juan,Con La Misma Tijera,,,
TRBHHUC128F4294C6F,Scott Matthews,City Headache,folk,100.0,folk|singer-songwriter|acoustic|indie|Mellow|accordion|british|beautiful|2000s|winter|folk-rock|male vocalist|wolverhampton|Discoveries|surfing|black country|trost|schoen|best of 2006|humming|My pop music|juck freindws|annymix|m singer-songwriter|still ill|scott mathews|city headache|blues|Sleep|waltz|Favourite Songs|favourite artists|Love|folk rock|quiet|melancholy|indie folk|Male voices|male vocalists|nice|daydream|Rainy Day|great titles|koselig|love this one|ingers
TRBHHCU128F148AF19,Slim Harpo,I Love The Life I'm Living,blues,100.0,blues
TRBHHUF12903CAA46B,Jack Johnson,Times Like These,acoustic,100.0,acoustic|singer-songwriter|jack johnson|chill|Mellow|rock|new age|folk|chillout|relax|guitar|indie|spotify|pop|alternative|Surf|lounge|summer|male vocalists|00s|times like these|surf rock|accoustic|beautiful|relaxing|USA|pop rock|Acoustic Rock|Alt PopRock SingerSongwriter|soft rock|feelgood|hawaii|major key tonality|calm|prominent percussion|soothing|a subtle use of vocal harmony|a vocal-centric aesthetic|mild rhythmic syncopation|m singer-songwriter|mellow rock instrumentation|acoustic rhythm guitars|folk-rock|Favorite|Favourites|american|favorites|Awesome|pows bar|acoustic sonority|blues|Pop - Chilled|Shizzle music|lernen|Heejj|mellow love|positive vibration|soldaat18|fucking love this|Flower Power|ma easy|acoustic is love|favorites ever|popi|try these|songs to sleep to|harmonious|Lagerfeuermusik|auto|triple j hottest 100 2003|singer  songwriter|americain|souper|dimanche pm|curiuos george|Bonfire|clementine|great new songs|adult alternative poprock|sunsets and bonfires and shooting stars|alcohol soaked|time to sleep|Radio Mama|maravilhosa|Meus Favoritos|Gottolistenthisagain|6th form|chill-favourites|river babas|annymix|michael franti radio|moodlemoot|Indy Groove|double mellow|laid-back beach song|world peace and justice|sweet umbrella|SADNESS AND THE CITY|mood for sale|willpubli
TRBHMXM128F4259A13,Santana,Rock Me,,,
TRBHRLC128F14AE627,Don Francisco,Job's Defiance,christian rock,100.0,christian rock|compassionate
TRBHNUB12903CC2475,Open Hand,Tough Guy,rock,100.0,rock|alternative|SG|led to band discovery|acordes geniales
TRBHSMF128F4285B9C,Jeff Scott Soto,If this is the end,hard rock,100.0,hard rock|rock|classic rock|RADIO5620 SOUND|HEAVY-HARD-ROCK|MGK|Jeff Scott Soto|your song|Power ballad|melodic rock|rock n roll|hair metal|AOR|singer-songwriter|ballads|80s|80's rock
TRBHSVR128F9324499,Frank Sinatra,Quiet Nights Of Quiet Stars [Corcovado] [The Frank Sinatra Collection],,,
TRBHFBW128F930A995,Birdapres,None Missing,Hip-Hop,100.0,Hip-Hop
TRBHDSW128F42ABC12,Vangelis,Heaven And Hell (Part II),new age,100.0,new age|ambient|instrumental|electronic|epic|relax|atmospheric|Progressive Electronic|70's|Meditation|space music|20|Greatness Personified|drowning out the voices in my head|nainonainonaino
TRBHEOU12903CBF12B,Grandpa Jones,You Make Our Shack A Mansion,,,
TRBHPVP128E0785A51,Static-X,Control It (Album Version),industrial metal,100.0,industrial metal|Nu Metal|metal|industrial|static-x|electronic metal|zuh|labu|lucipro|Control It
TRBHWOM128F9322A72,The Gone Jackals,Is It Clean (Ethereal - Progressive),,,
TRBHZNF128F14989FE,The Ronettes,(The Best Part Of) Breakin' Up,60s,100.0,60s|pop|oldies|1964|phil spector|20th Century|wall of sound|g00fy oldies|shooooot|girl-group|vvvvv|1960's|oh baby|the ronettes|doowop|60's|sugar|golden oldies|motown|sixties|Feelgood tracks|repeat|lovely|catchy|love songs|60s pop|1960s|soul|stuff to hear
TRBHVLH128F92F2369,Sandi Thom,When Horsepower Meant What It Said,singer-songwriter,100.0,singer-songwriter|female vocalists|pop|indie|british|acoustic|indie pop|Noah Eatons All-Time Favorite Songs|world|music for my movies|summertime sunshine|leapsandloved|folk|leapsandbounds 2010 Last 12 Months|guitar|rock|leapsandloved2010|sandi thom|decade: 00s|humour booster|Horsepower|2000s pop|gurl can play geetar|youve come a long way baby|Its a cool world|beer party|montauroux|Taras Favourite Tracks|Mellow|country|female vocalist|alternative|indie rock|upbeat|happy|female|female singer-songwriter|positive|Scottish|fav|lovely|00s|ok|obsessions|female pop|Bra skit|Sentimental Favorites From The 2000s|Emotional Adult Rock
TRBACFH12903CEDFBC,DJ Isaac,Hardcore from the underland,,,
TRBAHYS12903CDB329,White Willow,The Dark Road,Progressive rock,100.0,Progressive rock|female vocalists|art rock|Sam20100920
TRBAXDP12903CD1922,AFI,"Darling, I Want To Destroy You",alternative,100.0,alternative|punk rock|epic music|punk|alternative rock|eoin|power pop|heartbreak|sing it baby|seen live|AFI|q2
TRBAOPX12903CD7393,Big Star,"Slut [Live At Lafayette's Music Room, Memphis, TN, January 1973]",,,
TRBABAC128E07852A8,Fernando Ortega,Pass Me Not (LP Version),worship and praise,100.0,worship and praise
TRBANCJ128F42812AE,Busta Rhymes,We Made It (Instrumental),,,
TRBAFTU128F1458496,Remmy Ongala,Karola,congo,100.0,congo|boabab|RDCongo|RDC|Congolese Music Rocks
TRBAFZB128F930969B,Mil featuring Petey Pablo,Problems,,,
TRBAFBU128F427EFCE,Free,Woman,classic rock,100.0,classic rock|rock|hard rock|free|guitar riff king|blues rock|just mint|60er|dig that bass|better on vinyl|som legal|remember70|m rock|LEVAN SHANIDZE|Paul Rogers|Andy Fraser|Q8|paul rossoff|woman|detroit|techno|Wrong|detroit house|legends of rock|70er|the new dance sound of detroit|blow out|Paul Rodgers|70's rock|everywoman|not house|1970s|rhythm and blues|losekannsongs|QQT|woman free|blues
TRBADTB128F14AE3A4,Erin O'Donnell,You Were The One (Wide Wide World Album Version),,,
TRBAEIA12903CA6F1B,Papa Wemba,Abu-Pia,,,
TRBALJE128F9310DCE,Radiohead,You Never Wash Up After Yourself (Live),rock,100.0,rock|Love|alternative rock|malarios rock|desc 1|ravta|pan di zenzero e fiocchi di neve|sogni di zucchero|Bandas que amo|la casetta sullalbero|girotondo a colori|In my CD collection|rock - alternative|Nirvana|alternative|indie|radiohead|live|chill
TRBAPZQ128F4240B93,Justin Timberlake,Love Don't Love Me (Justin Timberlake) (Amended Version),,,
TRBAPPF128F4243DA5,Heaven 17,We Blame Love,brain2brain,100.0,brain2brain
TRBAWKB128F931BAEE,Owl City,On The Wing,electronic,100.0,electronic|pop|indie|Owl City|electronica|electropop|happy|powerpop|indie pop|makes me feel relaxed|bass|Awesome|alternative rock|synthpop|alternative|beautiful|power pop|loved|male vocalists|i miss you|One Tree Hill|great lyrics|00s|Electro Pop|gemmydragon|relates to my life|for relaxing|rock|sweet|Love|gemmyhappylove|indietronica|klomp123 loved|Hudson Bay|albums I own|electro rock|Indietronic|I own this song|weekend|pleasant|catchy|charming|thoughtful|bedtime|calm|adam young|omg this is so good|songs to drink whisky to|over 5 minutes long|2009|its nice|8p|CNN|4stars|2010|meh favorite song everr|arcades|arnon electronic|songs i should put in a fanmix someday|thesixtyone|inspirationaldragon|neef|magic male voice|myfavo|First Time Hearing|pop-pearls|songs played at work|summer 2010|The Hills style music|77davez-all-tracks|Uplifting|cool|twee|electro|sad|lite vocal|summer|depressing|indie electronica|favorite songs|christian|adorable|electric|favorite albums|Solo Project|2008|aamu|10s|Need to get|Some Damn Good Music|music worth listening too|soundtrack to my life|idealistic|discover|love at first listen|4 Star|derivative|male vocalist|heartache|synth rock
TRBAGVS128F931E395,Winifred Phillips,Misty Bog,,,
TRBAVQR12903CBFAE2,Mariachi Silvestre Vargas,Cielito lindo,Cielito Lindo,100.0,Cielito Lindo|Mexico lindo y Querido
TRBAVMF12903CEA4FB,Bad Company,Rock Steady,classic rock,100.0,classic rock|rock|hard rock|blues rock|70s|Bad Company|heavy|barbwire bad ass|barbwire bad company|barbwire classic rock mix|Paul Rodgers|this is not new wave of jazzcore|Bad Co Rock steady|Green Goose|Ervin work playlist|barbwire live|Bad Company Rock Steady|sportlich|barbwire classic rock|GLEN RIDGE REUNION|efrgtrgt|ArtistToKnow|Rock and Roll Kick Ass|rck stdy|Radiotsar approved|hl classic vinyl|five5stars|slgdmbestof|blues|heavy metal|powerful|favorites|oldies|golden oldies|naughty|rock steady|Blame it on the love of rock n roll|route 66|groovie|most loved|this is what you call|better on vinyl|didjiridoo|BADCO|Boyax|70's|memories|Old Favs|lee michaels|Bato|Southern Rock|seen live
TRBBIHP128F92E40CA,Hysterie,Be My Lover,,,
TRBBILZ12903CB422C,Set Your Goals,This Very Moment,hardcore,100.0,hardcore|pop punk|hardcore punk|warped 2008|punk|punk rock|hardcore-punk|favors|Warped 2007|Bamboozle 2008|tvm|seen live|metal
TRBBIBE128F4226E29,Soulwax,Kill Your Darlings,rock,100.0,rock|alternative|alternative rock|Belgium|Belgisch|violence|murder|crime
TRBBXLI128F931BC58,Alex Ubago,20 Horas de Nada,,,
TRBBOBO128F425FDFC,DeGarmo & Key,Jericho  (Straight On Album Version),,,
TRBBOPV12903CFB50F,The Ronettes,Born To Be Together,pop,100.0,pop|oldies|my other stuff|60s|RockPop|listen again|phil spector|1965|general pop|60s girl group|Pipesque|girl-group|rock60s|female vocalists|spector
TRBBOKQ128F933AE7C,Dax Riggs,Didn't Know Yet What I'd Know When I Was Bleedin',rock,100.0,rock|folk|blues|blues rock|depressed|huh|american folk|genious|candidate|new orleans brotherhood|so sensual
TRBBMYD12903CC2638,Bülent Ceylan,Bülent & Mompfreed: Mompfreedonium,,,
TRBBMTJ128F1477785,The Four Pennies,Sweeter Than You,pop,100.0,pop|60s|oldies|1960s|catchy|sixties|60's|1960's
TRBBMQO128F425559F,The Tarriers,Red Apple Juice - LP Version,,,
TRBBMQN128EF35F995,Maroon 5,Through With You,rock,100.0,rock|pop|maroon 5|alternative|pop rock|alternative rock|favorites|00s|male vocalists|breakup|Maroon5|american|funk|Pop-Rock|through with you|indie|chill|2002|Favourites|sexy|Favorite Artists|Mellow|top 40|angry|maroon 5 - through with you|amazing|favorite songs|favourite|pissed off|Alternative - Indie|sex|songs i love to sing|Guilty Pleasures|male vocalist|albums I own|punk|catchy|songs of 2003|Progressive rock|mtv favorites|bye|yesssss|Makes Me Smile|thrilling|alternative romantic collection|lieblingslied|adam levine|bad ass|punch|stuff I love|to lubieee|This is kinda hot|still not sorry|Nebraska|RB|Slow Rock|Number One|top song radio|cool dance|loved|fu|tempo|legal|pick me up|getting over it|after the break up songs|colorfull|CADFINEM|Favoritter|sexy music|justim|b|sexy songs|teen hits|mtv hits|card playing|love stinks|songs that i love singing|My stuffs :O|My pop|screw him|serena kitten|starfucker|through with you-maroon5|Alternative  Punk|sexy riff|great breakup song|Pnk|sound storm|songs to monkey it up|Heejj|Cheffy|vsfm|falling-out|retag|smoth|snl|2008|tkhere|Grupos
TRBBYFJ128F42A22D4,Jim Reeves,Jingle Bells,christmas,100.0,christmas|xmas|country|Jul|male vocalists|Weihnachten|jim reeves|christmas favs|classic Christmas|natale|christmas oldies|julmusik|home for christmas|jin reeves gingle bels|lastfm christmas tag radio|julgodis|famisa|x-mas|alternative christmas|snow|carols|classic country|RockPop|holiday|folk|easy listening|fhNotBad|christmas carol|jim|jingle bells|weihnacht|jim  reeves
TRBBASV128F427680E,Hevia,Baños De Budapest (Extended Remix),world,100.0,world|myth
TRBBAIC12903D11771,Arrested Development,Greener,,,
TRBBADQ128F933698F,李克勤,hun qian de nu ren,,,
TRBBBUG128F148D65B,The Mars Volta,Inertiatic Esp,Progressive rock,100.0,Progressive rock|experimental|rock|alternative|Progressive|psychedelic|alternative rock|The Mars Volta|indie|00s|prog rock|Experimental Rock|Psychedelic Rock|epic|favorites|metal|mars volta|Awesome|prog|Energetic|Progressive metal|Driving|Jazz Rock|art rock|post-hardcore|2003|american|FUCKING AWESOME|great song|amazing|another planet|dramatic|Omar and Cedric|obscured by pink|indie rock|insane|fav|Neo-Psychedelia|leapsandleeloo|male vocalist|Head dance|intense|punk|Allen Poe General|Eargasm|future soul|indie progressive post-punk|guitar|Love|heavy|the best|2000s|Favorite Bands|drums|bibibi|railgun|jazz|scatenone|alt rock|peltipurkissa|mental|Songs to scream|loved|progresivo|sahilas loved|makes my chest burn|lyrics that explode my mind|haunted aural realm|Energetic Rock|these songs i could listen forever|post-rock|emperorcryn|USA|Favourite Songs|flfbn|latin|Favorite|rokib|flya alternative|Progressive Latin Experimental Post-Hardcore|super soul|good for uts|fav01|sweaty wednesday night at the cockpit|q3|fukken uber|abstract lyrics|insomniac hour|HEY LOVE|ballsy|Good ol times|ATDI Related|makes me play air drums|rapture unto the divine Wow|jumping on my head|flashdance on LSD|PITCHFORK CAN SUCK A DICK|sams bands|personal favorates|progressive experimental rock
TRBBNPX12903CA5375,John Holt,Only Just Begun,,,
TRBBNHZ128F423E599,Orbital,Forever,electronic,100.0,electronic|electronica|ambient|techno|Orbital|Mellow|soft|Dreamy|UK|robotic|OrbitalChillTrip-Hop90SDanceTranceRockBritishHouseIndieTechnoExperimentalUkAmbientIdmAlternativeElectroElectronicChilloutBreakbeat|Eternity|f classics 89-99|idle|audio beauty|set dla doroty|My Chillin|set dla lecha|ill see you in the future|set dla ziuty|dj zee time|earoplane|indefinite|bengluke|samples dialogue|set dla rafaua|one word title|trance|instrumental|new age|idm|beautiful|trip-hop|chill|synth|90s|british|drjazzmrfunkmusic|catchy|tops|futuristic|download|likeorbital|electro|best songs ever recorded|MJ-just acid jazz|happinezz|tuc|it is the nineties|zoneout|memorabilia|spacealiens|the good|kewl|Film Soundtrack|psy-trance|Fusion|Drum and bass
TRBBNGV128F147EAFC,Moraes Moreira,Felicidade,,,
TRBBFBZ128F42493ED,Jude Cole,Tell The Truth (Album Version),hopuke42,100.0,hopuke42|pivudo45
TRBBFFE128F9347D66,La Quinta Estación,Contigo Si,,,
TRBBEHB128E0784F71,Reach 454,6 Yrs (Album Version ),rock,100.0,rock|alternative metal|nip tuck|3-star|McNamara Troy
TRBBEQY128F42373AF,Unwritten Law,Save Me (Rolling Stone Original Version),punk rock,100.0,punk rock|chill out|chil out
TRBBWKF128F934E709,Dean Evenson,Gateway,Meditation,100.0,Meditation|plinio01
TRBBTJG12903CD5B47,George Schuller,Distant Cousin,,,
TRBBQYU128F4269447,"Maria Callas/Gianni Raimondi/Gabriella Carturan/Plinio Clabassi/Nicola Rossi-Lemeni/Coro del Teatro alla Scala, Milano/Noberto Mola/Orchestra del Teatro alla Scala, Milano/Gianandrea Gavazzeni",Anna Bolena (1997 Digital Remaster): Alcun potria ascoltarti,,,
TRBBUBC128F148CBAA,DJ Clue / Fabolous Sport,If They Want It,,,
TRBBVSO128F9341C12,Martina McBride,Anything's Better Than Feelin' The Blues,matraca berg,100.0,matraca berg|country|country pop|1999|1990s|pop country|90s country|ladies of country|country divas|country song  female vocalist martina mcbride|90s country-pop|90s country pop
TRBBVXL128F427C3F2,Jim Bryson,Fleetwood,Favourites,100.0,Favourites
TRBFJGD128F933E85A,Pumpkin Buzzard,Red Castle,,,
TRBFJMI128F92E535C,Heavy D,Private Dancer,reggae,100.0,reggae|dancehall
TRBFIAK128E07823AA,Funeral for a Friend,Your Revolution Is A Joke,emo,100.0,emo|acoustic|rock|post-hardcore|emocore|funeral for a friend|Mellow|melancholy|alternative|screamo|chill|beautiful|sad|punk rock|alternative rock|Post- hardcore|Love|favorite songs|autumn|Favourites|lovely|Awesome|metalcore|slow|All|slit my wrists|honesty|welsh band|The best music ever made|leuke liedjes vraagteken test|antirevolutional bullshit yeeeeeeeeeeha|subtle melody|Pure honesty|stuff im too old for|repeating the exellence of the refrain not even often enough because it is just so great to listen to it with his heavenly beautiful voice|great instrumentals|love it or leave it|Tranquila|beautiful rock|morgens|makes me think|I s2 this song|diipadaapa|makinout|feeling|eargasmic n moe-tastic|tilts head|Funeral for a Freind|we all gonna die|Liederabt|Songs Im AT LEAST a little addicted to|Funera for a Friend Your Revolution is a Joke|BAND I NEED TO CHECK|laff|Jills Station|360shift|deces|Ida Blom|easy songs|My pop music|fucking depressive|viss|wasser music: mums|end of life|FfF - Your Revolution Is For Nothing|Funeral for a friend - Good Stuff|donne-moi une corde|to bad trip|emotional|soft|Background|great track|welsh|deep|atmospheric|british|lonely|depression|dramatic|Favorite Artists|amazing|Mellow Rock|depressive|cello|cool|german|indie|punk|nice|Walk Away|best mouth in rock|Happy songs|in love|tune|rawkcore|music to slit your wrists to|TopTop|soft music|songs i love|life
TRBFIBL128F423AC68,Basic Channel,q-loop,minimal,100.0,minimal|techno|dub techno|minimal techno|electronic|dub|late night summer driving|hardwax|adrien wayne|detroit techno|electronica|minimal deep|BASIC CHHANNEL|ElectronicDub|hypno electro|sonic sunset|mind-melting|La nuit|dubtronica|voegelmusik|metro minimal|deep dub techhouse|dubno|intel|digidub|tresor|Berlin|german|experimental|germany|deep techno|good music|strange|DE|tech house|Atmosphere|basic|electronic dub|minimal dub|4|tagteamers instrumentals|Great tracks|Eremuse-loved-3|zapsensacion|wirround|zyrotechira|music for people with superior taste in music|idm|deep electronics|ZapLovedTracks|Mimimal|down tempo
TRBFIHG128F4289CF9,The Ataris,Make It Last,alternative,100.0,alternative|punk rock|rock|emo|alternative rock|The Ataris|make it last|favorites|pop punk|Pop-punk|it|kris roe|last things|punkrock
TRBFISG128F1473A72,The Rascals,I'm Blue (LP Version),,,
TRBFHUS128F932F7BE,Jake Hess,I Know Where I Am Now,religious,100.0,religious|current|Best of best|-southern gospel|i know where i am now-jake hess|Jake Hess
TRBFXMJ12903CB50F6,BrokeNCYDE,Freaxxx,crunkcore,100.0,crunkcore|screamo|electronic|FUCKING AWESOME|BrokenCyde|<3|Freaxxx|lets get fucking freaky now|electronica|Hard|hot|makes me jumping in my room|hilarious|beat|guilty pleasure|so bad it's good|horrible|funny|Hip-Hop|lets get freaky now|hip hop|effing good songs|Genialne|worst|nonguilty pleasures|if you want me baby fill me in cause i dont waste my time with lesbians|skramz|songs I absolutely love|liar|the best songs in the world|screamo rap|cats making love is better|ear death|totally awesome wonderful cool great|Transcrunk|i dont waste my time with lesbians|ulubiona piosenka|lets get freakyy|100mph|crunk core|melhor ever|i love this song x3|techno|dance|fun|USA|Awesome|favorites|beautiful|Tag|post hardcore|Crunk|rapcore|good shit|best song|hardcore|emotronica|encore|SKRAM|lame|satan|real screamo|Love|Will shred your anus to ribbons|best song ever|from dreams to life|Monster Afterparty|newrocktrackradio:-9|no cure|no cure band|dropping a popped locket|MONSTERafterparty|no cure1|douchebag garbage|anthem for douchebags|red city pt2|definition of fantabulous|enjoy your stay isaac|Trap House Rave|for everything youve done|you cant illustrate while you suffocate|ROFL|dreadful|autotune|shitty|douchebaggery|Otto von Schirach|russian roulette|postmodern|terrible voice|Coldplay|postmodern rap|please you might be mentally challenged if you seriously enjoy this|what torture will sound like|oszkurwa|Altar of the Metal Gods|comedy|doom metal|experimental|dot dot curve
TRBFMKO128F426EB91,MUM,Mr. Crump,electronica,100.0,electronica|groovy|electronic|trip hop|minimal|bobo|filmic|Heist|go boots|fluffy up|5r dance - lyrically staccato|Mr Crump
TRBFMAZ128F92F3A2A,Anane,Let's Get High (Yves Larock Radio Edit W Rap),,,
TRBFRZX128F9341EAE,Busta Rhymes,We Got What You Want,Hip-Hop,100.0,Hip-Hop|just blaze|rap|Gshit|old but gold|potpourri1|buster rhymes - we got what you want
TRBFYFA128F14A0E53,Novaspace,Dancing With Tears In My Eyes 2004 (Nova Mix (Club Version)),,,
TRBFASC128F424D427,Furry Lewis,I Will Turn Your Money Green (take 1),blues,100.0,blues|Classic Blues
TRBFBQO12903CE7ACD,The Stooges,Raw Power,punk,100.0,punk|proto-punk|Garage Rock|rock|70s|punk rock|classic rock|hard rock|glam rock|1973|proto punk|raw power|american|garage|Iggy Pop|1970s|heavy metal|proto-metal|proto metal|stooges|Michigan|Detroit Rock|Garage-Rock|70s hard rock|The Stooges|heavy rock|70s Glam Rock|70s heavy metal|lovedbybeyondwithin|favorites|where is my bong|Hell Yeah|Protopunk|experimental|early heavy metal|high energy hard rock|Favourites|Old School Punk|Favorite|dance it out|high energy rock|60s|early metal|High Energy Rock N Roll|high-energy rock|1970s punk|Mad Alice favourites|Pre-Punk-Rock|fun to skateboard to|certero|gnissligt skit|drunk tank singalong tune|chuligani|superpankaci|skateboard music|otmi se kontroli|Kiraly|screeeaaaam|apoye el raye|rocker rocker|Solo You Can Dance To|TEMON|Kick ass tune|the original motherfuckers|Scott Asheton|Michigan ritualism|fuckin rocks|superb song to drive to|detroit punk|sonisphere 2010|cbgb omfug|covers and originals|detroit-punk|1970s-garage|1970s garage|1970s american punk|1970s-american-punk|american-punk|1970s-punk|all-time-favorite-songs|ron asheton gran guitarrista|ron asheton rip|godvergeten kankerherrie|ShroomFace|poder crudo|pi-fu|american-garage|i love singing along|weird me out|The Hound|ann arbour|weinerlicher heile welt schmuse indie|busca-almas|JAMES WILLIAMSON|atelierabend|American Garage|energetic punk|best played loudly|ear-splittingly good|transitglambat
TRBFBUO128F42A3DED,Kent,Alla mot alla,Kent,100.0,Kent|best song ever|melancholic|scandinavian|indie rock|swedish|rock|Mellow|alternative|nordic|svenskt|Favorite artist|skandinavian music|Sverige|pure brilliance|rainy morning|tycker verkligen om|alternativ pop
TRBFNZT128F429201E,Nightwish,Kuolema Tekee Taiteilijan,symphonic metal,100.0,symphonic metal|finnish|Gothic Metal|nightwish|metal|Power metal|Female fronted metal|Ballad|female vocalists|Gothic|melodic metal|finland|beautiful|female vocalist|sad|opera metal|Suomi|Tarja Turunen|symphonic|symphonic power metal|finnish metal|female vocal|cello|epic|Progressive metal|female vocals|beautiful voices|orchestral|once|melancholy|heavy metal|death|scandinavian|sad songs|female fronted|Female Voices|depressing|international|amazing|favourite|personal|suomimetalli|perfect songs|My Favourites|sadness|Masterpiece|Songs that totaly rule|kuolema|Progressive|scandinavia|goth|fantastic|The Greatest Songs Ever|emotional|orchestra|epic metal|soft|Symphonic Rock|cellos|hypnotic|fav ballads|Gothic Divas|songs to hear before you die|brings tears to my eyes|art|sad writing|love writing|atmospheric writing|Tuomas Holopainen|memories|Pure Beauty|suru|acoustic|celtic|ballads|Beautiful Songs|vocal|Love|rock|goth metal|live|I LIKE TO SING|marco hietala|calm|orchestral metal|depression|endless sorrow|melancholic|atmospheric|emppu vuorinen|haunting|old nightwish|nordic|gorgeous|writing|Calmas|sympho|skandinavian|interesting vocals|Beautiful Cello
TRBFNSL128F42776F9,Led Zeppelin,Immigrant Song (Album Version),,,
TRBFNBZ128EF34EF11,Sukshinder Shinda,Jumke,,,
TRBFFKN128F422F3CC,A Perfect Murder,In Hell (Album Version),,,
TRBFFIF128F4233A62,Lady Saw,Love & Understanding,,,
TRBFDVW128F92ED2D6,Ice And Breeze,How it Begins (Cj Peeton Remix),,,
TRBFEIX128F426A5F8,Silverchair,Roses,Grunge,100.0,Grunge|rock|alternative rock|90s|post-grunge|alternative|australian|melancholic|awesome voice|silverchair|Post Grunge|Energetic|rock gods|top songs|alltime fave songs|songs I absolutely love|gives me chills|sacredsummers|emperorcryn|Grunge stuff|allday|dark flood|v3dd3r|matkustaa|male vocalist|just rock|High School|nostalgia|brilliant|fav|angst|melancholy|favorites|Awesome|hard rock|indie|favourite|roses|nigga|Aussie
TRBFLER128F148C52B,The Mighty Mighty Bosstones,Pictures To Prove It,ska,100.0,ska|Ska Core|rock|ska punk|Ska-Core|car songs|SKA Favorites|Favourite Punk
TRBFLSD128F42A0F4C,Gang of Four,A Piece of My Heart,,,
TRBFPRF128F92FB507,Precious Bryant,Blues All Around My Bed,,,
TRBFTWM128F932535D,Peret,Ole con ole,,,
TRBFKON128F4296A52,Crucial Conflict,Ride Out Dip,crucial conflict,100.0,crucial conflict
TRBFKMN128F4286D1B,Behemoth,Malice,black metal,100.0,black metal|death metal|Blackened Death Metal|metal|polish|polish metal|polish death metal|Behemoth|polish black metal|heard on Pandora
TRBFVAA128F423C356,The Prodigy,Wake Up Call (Album Version),electronic,100.0,electronic
TRBFVAS128F93576F0,Arthur Tracy,Where Are You?,,,
TRBDCAB128F92F7EE4,The Primitives,Never Tell,1980s,100.0,1980s|80s|pop|alternative
TRBDIPI128F4279185,Juan Carlos Baglietto,aunque mañana no estés,,,
TRBDHUD128F934B032,DMZ,He's Waitin',,,
TRBDHYG12903CE49CC,The Mystic Moods Orchestra,Gay Ranchero,,,
TRBDHKL128F426BE45,Rihanna,Good Girl Gone Bad,rnb,100.0,rnb|Rihanna|pop|female vocalists|good girl gone bad|r&b|RB|sexy|soul|hip hop|dance|urban|female vocalist|rihanna- good girl gone bad|I love this song|girl power|songs that make you want to sing along|favorites|american|r'n'b|One of rihannas dark songs|violin|r and b|00s|2000s|emotive|GGGB|my favorite song by this artist|favoritesong|men suck|perfect|dance-pop|Soundtrack Of My Life|love at first listen|stargate|bestrihanna|female|Good Girl Gone Bad - Rihanna|Guilty Pleasures|guitar|barbade|leona lewis|romantic tension|my parties|WHY do i LIKE this one|like rabies|special for S|good rnb|5277|dance:rumba|Plies|dont be the reason|F-moll|barbadian|hanna|stripper|Barbadien|Fergie|2007|rain on me|p1|Massari|teardrops|happymaker|skype|strip club music|strip club|kocham|i want to be independent listening to|beatfull|mmmmpretty|4-ever|anti-men|Codrutz|crowe|Black list|es pop mama|Day 26|gjamr|Die singt einfach nur geil|jiab yakk yakk song|Lingnoy swing songs|linedance 2008|Diesunddas:-9|songs for travel|moj mix|shake it shake shake it|effu|refleksje|likeys|Lilian Lies|sang that|meninas super poderosas|i wish i could make a video for this|i can imagine that song in a movie|kerri hilson|anthony hampton|unexpectedly awesome|black music|break-up
TRBDXOG128F427031F,Tha Alkaholiks,Yo Mouth (Skit),,,
TRBDOGK128F42372FD,Handsome Boy Modeling School,"Rock And Roll (Could Never Hip Hop Like This) Part 2 featuring Lord Finesse, Mike Shonoda, Chester Bennington, Rahzel, Qbert, Grand Wizard Theodore & Jazzy Jay (Instrumental)",Hip-Hop,100.0,Hip-Hop|experimental|trip-hop|Dan the Automator|salmon sounds|bob your head to|fishy beats
TRBDODQ128F423A780,Lupe Fiasco,Go Baby (feat GemStones) (Explicit Album Version),,,
TRBDMWS12903D11F36,Los Iracundos,No se lo que me da,,,
TRBDRIT128F42929A1,A Tribe Called Quest,Get A Hold,Hip-Hop,100.0,Hip-Hop|hip hop|rap|old school|favourite|a tribe called quest|east coast rap|chill|Jay Dee|j dilla|Real hip-hop|1996|native|leapsandbounds 2010 Last 12 Months|leapsandloved|knorpelfunky|sick sample|one of isaacs favorites|Phillz Recommended|rhythmic beats persudade your head to nod|mellow smart hip-hop|Good mellow hip-hop|Dilla Love|MINCHIA CHE DISCO FIGO|clasSICKhiphop|get jacked|sick flow|was|ATCQ|fav0urit3|dilla|j dilla beat|the ummah|True Hip Hop|sunday decompression|banger|leapsandloved2007|favorite dilla beats|i like it ol school|gibt|geilste|da real old skool Hip Hop|STRICTLY FOR THE UNDERGOUND|DA REAL UNDERGROUND OLD SKOOL HIP HOP|dilla appreciation month|leapsandbounds CDCollection|Shams 9 i|leapsandbounds favorite songs|dilla touched this|toma na oreia|radio xapada|tribe called|Produced by Jay Dee|aller|RapRB|favorite by this group|relaxin musik|sick beat|mixtape|underground hip hop|jive|urban|good shit|turntablism|intelligent|East Coast|none|atmospheric|new york|smooth|Favorite|beats|moody|downtempo|Progressive|classic|hiphop|groovy|soul|funky|sick beats|Story telling|randomnes|Fly|Soul food|flow|Zulu Nation|bassline|mys|das|swagger|es|dope beats|flashy|native tongues|attitude|nolly radio|Love it|hip hop jazz|heard on Pandora
TRBDYIF128F4294F19,Francis Lai,Concerto No.3 In D: Allegro,,,
TRBDBWW128F426D386,Bad Religion,Flat Earth Society (Album Version),punk,100.0,punk|punk rock|fajna
TRBDSLA128F4288246,Toni Braxton,Best Friend,soul,100.0,soul|rnb|toni braxton|Egoist|gia tunes|sexy|dia chuvoso ou nublado|female vocal|female vocalists|r&b|songs|memories|special|Smooth Soul|RB|collection|urban soul|i bet you wish you was black too|I miss these days sometimes|Minhas Favoritas|aconchegante|easy listening|favourite|female vocalist|pop|cool|favorites|rhythm and blues|smooth|best|gorgeous|hot|love songs|urban|soulful|Neo-Soul|Brandy|tlc|romantic|alejandro sanz|Monica|Best Friend|quiet storm|Marc Antony|1993
TRBDFJX128F92C2847,Steve Vai,The Murder Prologue,guitar virtuoso,100.0,guitar virtuoso|guitar|instrumental rock|Steve Vai|zappa-esque
TRBDDTD12903CA7AA9,Andraé Crouch & Solid Gospel,My Tribute (To God Be The Glory),,,
TRBDLDS128F429C171,Samy Deluxe,"Sam und BO, N.E.O.",,,
TRBDWTJ128F9358452,Gene Autry,Cool Water,,,
TRBDWBW128F932C973,The Creation,Try And Stop Me,mod,100.0,mod|freakbeat|60s|british|1960s|beat|sixties|1967
TRBDZES128F424080B,Luciana Souza,Azul Contente,chill,100.0,chill
TRBDZBH12903CE85E4,Moss,Winter in Finland,indie,100.0,indie|crooners|moss|lap
TRBDGOX128F428E2B9,2raumwohnung,36 Grad (Paul van Dyk's Vandit Clubmix),House,100.0,House|german|indie rock|party|best|club remix|extended mix
TRBDKRV128F930C16C,Joe Heaney,Peigin is Peadar,,,
TRBDQVN128F425CF6D,Cabas,Machuca,colombian rock,100.0,colombian rock
TRBDUYE12903CB246F,Bottom of the Hudson,Eagle Eye,,,
TRBDUSM128F9339A13,Maximilian Hecker,Let Me Out,herbst,100.0,herbst|maximilian hecker|where is my bong|rock|soft pop|Meine Heimatlieder|deprestag|pop lament|i love singing along|drunk tank singalong tune|tugs at me heart strings
TRBECBM128F426AA34,Ricky Martin,She's All I Ever Had,pop,100.0,pop|latin|90s|Love|love songs|Ricky Martin|Ballad|slow|male vocalists|latin pop|1999|Pop Latino|80's|loneliness after dusk|beautiful|spanish|i hate myself for liking this|growing up|reflection|beautiful ballad|major|relationship|Island|great song|old|przytulance|smile|top song radio|emotion|cuddly|daves current favourites|desire|musica latina|na slote i deszczowe dni|Ricky|feel better songs|romantically|pozytywne wibracje|my soundtrack|valentinesdaylove|easy listening|hop-bec|soft rock|Single I have|soul|sexy|cool|groel|rnb|english|popLove|thoughtful|breakup|pretty|hot|soft|other|ioshi|nostalgia|00s|favorite song|Dream|america|secada|unknown|pop music tag|sad|top 40|Mellow|rock|ballads|dance|Sad Soft Rock|Random1|lonely|male vocalist|all the best|Pop Life|Puerto Rican|project|kuschelrock|Best Songs of the 90s|retrospective
TRBEJFD128F93222D8,Orthrelm,Scelxenak,Progressive metal,100.0,Progressive metal|experimental|avantgarde|strange|prda|obeyos
TRBEOOD128E0795C84,Seguridad Social,El Oro De La Gallina De Los Huevos,,,
TRBEOCF128F426BFDC,Al Di Meola,Splendido Sundance,Jazz Guitar Great,100.0,Jazz Guitar Great|Flamenco|Guitar Hero|latin|Fusion|al di meola|holy shit|guitar relax|Troskliwymis|jazz|jazz fusion|instrumental|Be-Bop|guitarras|sensible|justwannalisten
TRBERUM128F148AC93,Egberto Gismonti,Baiao Malandro,jazz,100.0,jazz|instrumental|contemporary jazz|mezzodi
TRBEROX128F4270745,Massive Töne,Im Club,,,
TRBEYTH128F9309622,Marc Dorsey,Love You Again,,,
TRBEATE128E078F0D8,Bon Jovi,Only Lonely,rock,100.0,rock|hard rock|bon jovi|hair metal|80s|lapsuus|Great guitar solos|best band|memories|classic rock|david bryan|tico torres|metal|video killed the radio star|souvenirs|Richie Sambora|jon bon jovi|melodic hard rock|night|pop|melodic rock|heavy metal|addiction|us|hardrock|my top 100|male vocalists
TRBEACH128EF341C45,Simply Red,So Not Over You (Motivo-Pop Lectro Mix),,,
TRBEAXZ128F424347B,Frost,Take A Ride,,,
TRBEBTR128F932CD6B,Laurie Berkner,The Cat Came Back,children,100.0,children
TRBEFQY128F932EE3F,Alexandre Desplat,Meeting Daisy,Soundtrack,100.0,Soundtrack|the curious case of benjamin button|instrumental|Classical|movie themes|Mellow|Love|slow|relaxing|beautiful|Dreamy|score|fr|cinema|a 2414 best|songs to move in slow motion to
TRBEPVA128F932C6FE,Tommy Makem;The Clancy Brothers,Old Woman From Wexford,,,
TRBEPAA128F4263E2E,The Cate Brothers,Am I Losing You,,,
TRBEWTY12903CB4779,Salt The Wound,I Swear the Visine is for my Allergies,deathcore,100.0,deathcore|hardcore|grindcore|metalcore|death metal|screamo|Bree Bree|nostalgic winter 2009-10
TRBEWTR12903CBF252,Louisa Mark feat. Kevin Henry,Reunited,,,
TRBEZHU128F9306C1C,Roy Drusky,Funny How Time Slips Away,,,
TRBEKJN128F42891EE,Sounds Of Blackness,"Silent Night (Featuring Geoffrey Jones, Terrence ""T-Bone"" Frierson, Billy Steele)",,,
TRBEQHL128F4272CBC,Marvin Hamlisch;John Lithgow;Jeffrey Huard,At the Fountain (Reprise) (Brian d'Arcy James & Ensemble),,,
TRBEVII12903CA1A06,Blind Willie Johnson,John the Revelator,blues,100.0,blues|gospel|delta blues|Classic Blues|blind willie johnson|Lfav|american|lazy summer time|John the Revelator|Old Blues|Saints and Sinners|folk|tiffburns|blusera|double-ender 4|fantasy tarantino soundtrack|double-ender 15|the name game|heinz et edith|bad mother|you are listening to radio oink please drop dead in one two three|just to love|Way down in the hole|daniels|quarkzangsun p0|quarkzangsun v1|baby got the blues|missionary road music|eternity and beyond|tungt06-|the 30s|lugnt06-|cooper was here|guter blues|superstark|covered by nick cave|depeche mode covered|i want back to the 20s|spiritualist|mlitbog|christian blues primative|guitar|acoustic|classic|male|amazing|Shit Hot|vocals|texas|old|traditional folk|vintage|southern sound|mississippi blues|listen to more|dallas|5|covered|american roots|Oh Sweet Nuthin|blind artists|weird tracks|Rural blues|4|gravelly|original seeds|gospel blues|slgdmblues|friendsofthekingofrummelpop|Blue gospel|1920's|primitve|the thirties|delta|gentle guitar work|americana|gospel-blues|covered by btc or dtd|really good song
TRBEVJC12903CCE75B,Karen Peck And New River,I'll Never Be Able (To Tell It All) (High Key-Studio Track w/o Background Vocals),,,
TRBGJFN128F429AB79,Markus,Vankina vapauden,,,
TRBGJGI128F427CA73,Angela Dimitriou,To Pouli,,,
TRBGHNM12903CC6797,The Shamrock Singers,Fields Of Athenry,,,
TRBGHJG128F428ADB4,Lit,Lovely Day,alternative rock,100.0,alternative rock|rock|alternative|punk rock|90s|pop punk|punk|sweetchoclat|Cheri|chico-varias|o-k|lit|phoda|legal|Good Rock|male vocals|other|energy|best|power pop|favorites|emo|USA|pop rock
TRBGXYD12903CBA5D0,The Jordanaires & Orion,Up on the House Top,,,
TRBGXHS128F426B568,M,Je Suis Une Cigarette,france,100.0,france|alternative pop-rock|Love it|chanson|rock français
TRBGOOR12903CC5261,Michael McDonald,Tear It Up (LP Version),,,
TRBGMJD128F4266852,Bobby Pulido,La Rosa,,,
TRBGRFB128F145DA2E,Tim Wilson,It Takes A Village (To Raise A Nut) (Live),funny,100.0,funny
TRBGBUY128F422B413,Casiotone for the Painfully Alone,Attic Room,indietronica,100.0,indietronica|Lo-Fi|another planet|im a little girl and im happy and heart|chasing the mean reds|mime taste
TRBGBDH12903CE9EA8,Pitch Black,big trouble upstairs,Dawgtribe,100.0,Dawgtribe|dance|Mellow|ambient|electronic|hypnotic|Ambient Techno|fak|dubbient|btu|music to check out more anthalion
TRBGNCL128F428F56F,Gwen Stefani,4 In The Morning,pop,100.0,pop|female vocalists|gwen stefani|Love|dance|4 in the morning|beautiful|romantic|sad|rock|female vocalist|rnb|00s|favorites|Ballad|alternative|melancholy|american|female|relax|Bittersweet|Gwen|sexy|2007|lovely|slow|makes me cry|synthpop|cool|electronic|dance pop|soul|easy listening|No Doubt|alternative rock|pop rock|sweet|chill|guilty pleasure|inspiring|soft|Mellow|Hip-Hop|songs of day and night|music to hear alone|Power ballad|Moment Of The Day|in love|relaxation|chillout|Favorite|breaks my heart|cool breeze|Love it|melancholic|my music|eletronica|soundtrack for romantic devastation|Gwen Stefani - 4 In The Morning|<3|r&b|My Favorites|positive|love at first listen|the sweet escape|Favourite Songs|USA|nicelistening|top 40|depressive|new|Funky Girl|My Favourites|this kind of describes my life perfectly|Naughty Female|colorfull|emotional|fav|morning|lovely girls|heartache|nothing can capture a heart like a melody can|2006|the perfect pop song|Chick|ariel|hannah montana|2008|guilty pop pleasure|Allgemein|worth listening|album highlights|California|female vocals|new wave|Favourites|nice|favourite|melodic|hip hop
TRBGSMY128F428D6BE,Los Chunguitos,La Medalla,,,
TRBGFXC12903D01967,The Gathering,Locked Away,Gothic Metal,100.0,Gothic Metal|female vocalists|Gothic|Female fronted metal|Progressive rock|The Gathering|rock|atmospheric rock|female vocals|trip rock|Gothic Rock|perfect voice|symphonic metal|maz35rated4|dutch|Progressive metal|goth|suru|favoritas|melodrama|female power|myk female voices|netherland|great female voice|cunt|woman vocal|Progressive Doom|anneke|anneke van giersbergen|my doom|audio beauty|the gathering - sleepy buildings|gath|singables|strong songs|MMS|prog doom|on a windy night|rauhoittavia|hjuva metal|las chidotas|amazing version|metal|indie|doom metal|post-rock|netherlands|Awesome|favorites|relaxing|goth metal|Favourites|melodic metal|autumn|melancholic|beloved|90s|atmospheric|favorite singers|rock opera|fav|brilliant|Female Voices|Atmospheric metal|great voice|melancholic rock|seen live|folk metal|live|The Tag Appreciation society|romantic|transym
TRBGFAX128F4275F56,Bobby Pulido,La Bruja Chafa,,,
TRBGFAX128F4291A66,Norman Howard,The Sound From There,,,
TRBGLBW12903D03B68,Klimperei,Les Dépenaillés,,,
TRBGWRN128F92F1E46,Etienne Daho,Cet Air Étrange (Take 1 - Abbey Road Rough Mix),,,
TRBGZQZ128F427E394,Rachel Loy,The Same Man (For Matthew),,,
TRBGZRZ128F42668B2,Earth,Endless Winter,Swedish Death Metal,100.0,Swedish Death Metal
TRBGGUL128F42ADE30,Irini Merkouri,Ela Edo Kardia Mou,,,
TRBGKMB128F146E125,Bobaflex,Medicine,Nu Metal,100.0,Nu Metal|hard rock|rapcore|rap metal|Nu-metal|Crybs Special|School OLdSKuul|crybbage power
TRBGKGR128F92EE206,Zeca Baleiro,Telegrama,mpb,100.0,mpb|brasil|zeca baleiro|telegrama|brazilian|made in brazil|male vocalists|nacionais|rock brasileiro|rock|portuguese|Love|Brasil rockbrasil cabeca mpb|to cheer up my day|chico buarque|para machucar o coracaozinho|Brazilian Pop|para ouvir e cantar|to listen when I believe in love|Diversas - Bacanas|zeca|friendship-angst-love|Meu Brasil|diver|i know you say that theres no-one for you but here is one|leftovergrooves|newpopF|doidos|pains of the heart|funk soul acid jazz chill|Zeca Baleiro Telegrama|Eu Toco|thiagojamaica|dance of dance|Brazilian Music - New Generation|essa tal continencia|eltonluc|jorge - w|multicultigroup|miamasvin1|latin|cool|favorite songs|2004|catchy|brazilian music|I like|best lyrics ever|daydream|smile|to check out|Preferida|anna|vi ao vivo|songs to sing in the shower|musica legal|Marisa Monte|You and Me|ao vivo|adoro|vocal masculino|be mine|rock gaucho|brazilian rock|female vocalists|pop
TRBGKLM128F425CF97,Papa Wemba,Phrase,,,
TRBGUUF128F9334B97,El Gran Combo de Puerto Rico,No Hay Manera,salsa,100.0,salsa|bailable|el gran combo de puerto rico|son|jillpelkie|yatusabescomova|bolero|SALSITA
